,Price,author,bookName,peapleNum,pubTime,publishing,score,level,hotlevel
0,20.00元,余华,活着,229378,2012-8-1,作家出版社,9.3,A,A
1,39.50元,[日] 东野圭吾,解忧杂货店,431667,2014-5,南海出版公司,8.5,B,A
2,29.00元,[美] 卡勒德·胡赛尼,追风筝的人,444305,2006-5,上海人民出版社,8.9,B,A
3,23.00,刘慈欣,三体,263816,2008-1,重庆出版社,8.8,B,A
4,29.80元,[日] 东野圭吾,白夜行,319366,2008-9,南海出版公司,9.1,A,A
5,28.00,[日] 东野圭吾,嫌疑人X的献身,262052,2008-9,南海出版公司,8.9,B,A
6,45.00元,林奕含,房思琪的初恋乐园,76980,2018-1,北京联合出版公司,9.2,A,A
7,39.80元,[英] 威廉·萨默塞特·毛姆,月亮与六便士,60376,2017-1-1,浙江文艺出版社,8.8,B,A
8,19.00,钱锺书,围城,266502,1991-2,人民文学出版社,8.9,B,A
9,39.50元,[哥伦比亚] 加西亚·马尔克斯,百年孤独,195453,2011-6,南海出版公司,9.2,A,A
10,64.00元,路遥,平凡的世界（全三部）,162011,2005-1,人民文学出版社,9.0,B,A
11,22.00元,[法] 圣埃克苏佩里,小王子,366694,2003-8,人民文学出版社,9.0,B,A
12,59.70元,[清] 曹雪芹 著、高鹗 续,红楼梦,185643,1996-12,人民文学出版社,9.6,A,A
13,16.80元,余华,许三观卖血记,114779,1998-9,南海出版公司,8.7,B,A
14,39.50元,[哥伦比亚] 加西亚·马尔克斯,霍乱时期的爱情,114411,2012-9-1,南海出版公司,9.0,B,A
15,16.00元,太宰治,人间失格,105014,2009年9月,吉林出版集团有限责任公司,8.3,B,A
16,38.00元,刘慈欣,三体Ⅲ,153934,2010-11,重庆出版社,9.2,A,A
17,CNY 39.50,东野圭吾,白夜行,157917,2013-1-1,南海出版公司,9.2,A,A
18,18.80元,[日] 村上春树,挪威的森林,249136,2001-2,上海译文出版社,8.0,B,A
19,28.00元,刘慈欣,流浪地球,39571,2008-11,湖北长江出版集团，长江文艺出版社,8.6,B,A
20,12.00,老舍,骆驼祥子,75988,2000-3-1,人民文学出版社,8.3,B,A
21,22.00元,[法] 阿尔贝·加缪,局外人,70076,2010-8,上海译文出版社,9.0,B,A
22,32.00,刘慈欣,三体Ⅱ,155934,2008-5,重庆出版社,9.3,A,A
23,28.00,[英] 乔治·奥威尔,1984,83716,2010-4-1,北京十月文艺出版社,9.3,A,A
24,9.20元,[英] 笛福,鲁滨逊漂流记,86300,2002-1,广西民族出版社,8.0,B,A
25,24.80,当年明月,明朝那些事儿（壹）,128268,2006-9,中国友谊出版公司,8.7,B,A
26,12.00元,沈从文、黄永玉 卓雅 插图.,边城,115700,2002-4,北岳文艺出版社,8.6,B,A
27,62.00元,[意] 埃莱娜·费兰特,失踪的孩子,15388,2018-7,99读书人|人民文学出版社,9.2,A,B
28,26.80元,南派三叔,盗墓笔记,105573,2007-1,中国友谊出版公司,8.3,B,A
29,35.00元,[美] 伍绮诗,无声告白,81521,2015-7,江苏凤凰文艺出版社,8.2,B,A
30,13.00元,[英] 奥斯丁,傲慢与偏见,127111,1993-7,人民文学出版社,8.8,B,A
31,8.20元,海明威,老人与海,95240,1999-10,上海译文出版社,8.4,B,A
32,32.00,霍达,穆斯林的葬礼,106548,1988-12-1,北京十月文艺出版社,8.1,B,A
33,32.00元,姜戎,狼图腾,110949,2004-4,长江文艺出版社,8.2,B,A
34,42.00元,[意] 埃莱娜·费兰特,我的天才女友,32240,2017-1,人民文学出版社,8.5,B,A
35,18.00,[日] 东野圭吾,恶意,124397,2009-6,南海出版公司,8.4,B,A
36,28.00元,[美] 丹·布朗,达·芬奇密码,166388,2004-2,上海人民出版社,8.2,B,A
37,19.50元,[英] J. K. 罗琳,哈利·波特与魔法石,125556,2000-9,人民文学出版社,9.0,B,A
38,28.00元,陈忠实,白鹿原,72615,1997-12,人民文学出版社,8.7,B,A
39,39.00元,钱钟书,围城,25232,1991-2-1,人民文学出版社,9.3,A,B
40,40.00元,[美国] 玛格丽特·米切尔,飘,109578,2000-9,译林出版社,9.3,A,A
41,18.00元,[英] 夏洛蒂·勃朗特,简爱（英文全本）,140713,2003-11,世界图书出版公司,8.5,B,A
42,32.00元,[美] 哈珀·李,杀死一只知更鸟,39318,2012-9,译林出版社,9.2,A,A
43,29.80元,高铭,天才在左 疯子在右,155002,2010-2,武汉大学出版社,8.1,B,A
44,23.00元,[捷克] 米兰·昆德拉,不能承受的生命之轻,168333,2003-7,上海译文出版社,8.5,B,A
45,39.50元,[明] 罗贯中,三国演义（全二册）,79995,1998-05,人民文学出版社,9.2,A,A
46,25.00元,[巴西]保罗·柯艾略,牧羊少年奇幻之旅,84288,2009-3-1,南海出版公司,8.6,B,A
47,12.00元,菲茨杰拉德,了不起的盖茨比,68110,2004-06,人民文学出版社,8.3,B,A
48,,花城出版社,倾城之恋,116964,,,8.5,B,A
49,16.00元,林海音 文、关维兴 图,城南旧事,50330,2003-7,中国青年出版社,9.0,B,A
50,20.00元,[法] 玛格丽特·杜拉斯,情人,110759,2005-7,上海译文出版社,8.1,B,A
51,20.00元,[奥] 斯台芬·茨威格,一个陌生女人的来信,71302,2007-7,上海译文出版社,8.7,B,A
52,129.80元,[英] 肯·福莱特,巨人的陨落,51438,2016-5-1,江苏凤凰文艺出版社,8.9,B,A
53,CNY 35.00,[美] 加·泽文,岛上书店,100960,2015-5-1,江苏凤凰文艺出版社,7.6,B,A
54,14.80元,今何在,悟空传,87428,2001-4,光明日报出版社,8.3,B,A
55,19.00元,王小波,黄金时代,88645,1999-3,花城出版社,8.8,B,A
56,148.00,[美] 保罗·奥斯特,4321,742,2019-1,理想国丨九州出版社,8.7,B,E
57,9.00元,小仲马,茶花女,76228,1997-3,外国文学出版社,8.2,B,A
58,22.50元,[法]雨果,巴黎圣母院,63798,1982-6,人民文学出版社,8.3,B,A
59,23.00元,[日] 村上春树,挪威的森林,68804,2007-7,上海译文出版社,8.5,B,A
60,36.00元,阿耐,都挺好,2773,2012-12,四川文艺出版社,7.5,B,D
61,59.00元,[意] 埃莱娜·费兰特,新名字的故事,23882,2017-4,人民文学出版社,9.0,B,B
62,29.90元,[美] 斯蒂芬·金,肖申克的救赎,57110,2006-7,人民文学出版社,9.1,A,A
63,43.90元,大仲马,基督山伯爵,71681,1991-12-1,上海译文出版社,9.0,B,A
64,19.50元,[法国] 儒尔·凡尔纳,海底两万里,42284,2002-9,译林出版社,8.4,B,A
65,10.00元,[英] 乔治·奥威尔,动物农场,54933,2007-3,上海译文出版社,9.2,A,A
66,36.00,[英]克莱儿·麦克福尔,摆渡人,65213,2015-6-1,百花洲文艺出版社,6.2,C,A
67,19.00,[英] 阿加莎・克里斯蒂,无人生还,61321,2008-3,人民文学出版社,8.9,B,A
68,55,麦家,人生海海,2173,2019-4-16,北京十月文艺出版社,8.3,B,D
69,29.80元,(法)马克·李维,偷影子的人,70637,2012-6-20,湖南文艺出版社,7.8,B,A
70,20.00元,路遥,人生,31181,2009-5,北京十月文艺出版社,8.4,B,A
71,49.80,[日] 是枝裕和、[日] 佐野晶,如父如子,7512,2018-4,湖南文艺出版社,8.9,B,C
72,45.00,[日] 是枝裕和,小偷家族,4677,2019-1,北京联合出版公司,8.6,B,D
73,69.00,[美] 雷蒙德·钱德勒,漫长的告别,8092,2018-9,海南出版社,8.3,B,C
74,CNY 79.60,马伯庸,长安十二时辰 上,19399,2017-1-1,湖南文艺出版社,8.4,B,B
75,27.30元,（英）勃朗特、张玲、张扬,呼啸山庄,78318,1999-01-01,人民文学出版社,8.4,B,A
76,20.00元,[日] 黑柳彻子 著、岩崎千弘 图,窗边的小豆豆,96439,2003-1,南海出版公司,8.7,B,A
77,13.50元,（法）莫泊桑,羊脂球,63785,2007-6,北京燕山出版社,8.1,B,A
78,18.00元,[英] 阿加莎·克里斯蒂,东方快车谋杀案,62209,2006-5,人民文学出版社,9.0,B,A
79,32.80,【英】蕾秋·乔伊斯,一个人的朝圣,50330,2013-9-1,北京联合出版公司,8.1,B,A
80,49.00元,班宇,冬泳,4738,2018-11,理想国丨上海三联书店,8.3,B,D
81,62.00,[意] 埃莱娜·费兰特,离开的，留下的,16253,2017-10,人民文学出版社,8.7,B,B
82,42.00元,张嘉佳,云边有个小卖部,11252,2018-7,湖南文艺出版社,7.9,B,C
83,0.36元,鲁迅,呐喊,57582,1973年3月,人民文学出版社,8.9,B,A
84,CNY 79.80,路遥,平凡的世界,24630,2012-3-1,"北京出版集团公司,北京十月文艺出版社",9.0,B,B
85,25.00元,天下霸唱,鬼吹灯之精绝古城,55590,2006,安徽文艺出版社,8.1,B,A
86,39.80元,蔡崇达,皮囊,63577,2014-12-1,天津人民出版社,7.6,B,A
87,96.0,金庸,天龙八部,75767,1994-5,生活.读书.新知三联书店,9.1,A,A
88,26.50元,[英] J. K. 罗琳,哈利·波特与阿兹卡班的囚徒,100803,2000-9,人民文学出版社,9.0,B,A
89,160 TWD,三毛,撒哈拉的故事,115781,1976,皇冠出版社,9.0,B,A
90,36.00元,[瑞典] 弗雷德里克·巴克曼,时间的礼物,2511,2019-1-1,天津人民出版社,7.5,B,D
91,45.00,Priest,默读,14088,2018-1,百花洲文艺出版社,8.4,B,B
92,39.80元,[英] J. K. 罗琳,哈利·波特与火焰杯,97025,2001-5,人民文学出版社,9.0,B,A
93,12.80元,张爱玲,红玫瑰与白玫瑰,58201,1996-06,花城出版社,8.4,B,A
94,28.00元,[美] 卡勒德·胡赛尼,灿烂千阳,71147,2007-9,上海人民出版社,8.8,B,A
95,66.00元,[英] J. K. 罗琳,哈利·波特与死亡圣器,76210,2007-10,人民文学出版社,9.0,B,A
96,14.50元,鲁迅 著、丰子恺 绘,阿Q正传,49446,2003-7,上海书店出版社,8.7,B,A
97,49.00元,[英] 道格拉斯·亚当斯,全能侦探社,856,2019-1,浦睿文化·湖南文艺出版社,8.1,B,E
98,20.00,（日）东野圭吾,放学后,98776,2010-1,南海出版公司,7.6,B,A
99,,艾琳娜.斐蘭德,那不勒斯故事四部曲,4201,,,9.2,A,D
100,22.00元,[英] J. K. 罗琳,哈利·波特与密室,97158,2000-9,人民文学出版社,8.9,B,A
101,34.80元,囧囧有妖,君子报恩,1488,2017-9,民主与建设出版社,7.9,B,E
102,26.80元,（挪威）乔斯坦·贾德,苏菲的世界,83966,1999-04,作家出版社,8.5,B,A
103,358.20元,当年明月,明朝那些事儿（1-9）,52180,2009-4,中国海关出版社,9.1,A,A
104,49.00元,[美] 约翰·威廉斯,斯通纳,22894,2016-1,上海人民出版社,8.8,B,B
105,47.20元,吴承恩,西游记（全二册）,34170,2004-8,人民文学出版社,8.8,B,A
106,55,八月长安,最好的我们,33285,2013-8-5,湖南文艺出版社,8.8,B,A
107,45,[瑞典] 弗雷德里克·巴克曼,熊镇,3026,2018-12,四川文艺出版社,8.1,B,D
108,18.00元,[英]毛姆,刀锋,39639,2007-3,上海译文出版社,9.0,B,A
109,36.00元,[日] 村上春树,1Q84 BOOK 1,95958,2010-5,南海出版公司,8.3,B,A
110,50.60元,[明] 施耐庵、罗贯中,水浒传（全二册）,36087,1997-1,人民文学出版社,8.5,B,A
111,19.00,萧红,呼兰河传,32466,2005-01,百花文艺出版社,8.9,B,A
112,24.00元,余华,许三观卖血记,27956,2012-9,作家出版社,8.9,B,B
113,59.00元,[英] J. K. 罗琳,哈利·波特与凤凰社,81491,2003-9,人民文学出版社,8.7,B,A
114,28.00元,张爱玲,半生缘,50965,2006-12,北京十月文艺出版社,8.6,B,A
115,35.00元,[瑞典] 弗雷德里克·巴克曼,一个叫欧维的男人决定去死,19931,2015-12,四川文艺出版社,9.0,B,B
116,43.00元,余华,兄弟,13958,2012-9-1,作家出版社,8.5,B,B
117,18.00元,[日] 岩井俊二,情书,64746,2004-7,天津人民出版社,8.6,B,A
118,39.80元,唐七公子,华胥引（全二册）,53277,2011-1,现代出版社,8.4,B,A
119,28.0,匪我思存,东宫,24036,2010-07,新世界出版社,7.3,B,B
120,68.00元,[英] 阿·柯南道尔,福尔摩斯探案全集（上中下）,64659,53.00元,1981-8,9.2,A,A
121,29.50元,余华,第七天,42826,2013-6,新星出版社,6.8,C,A
122,39.00元,陈忠实,白鹿原,21895,2012-9,人民文学出版社,9.1,A,B
123,58.00元,[英] J. K. 罗琳,哈利·波特与混血王子,85074,2005-10,人民文学出版社,8.8,B,A
124,15.00元,[英] 毛姆,月亮和六便士,97166,2006-8,上海译文出版社,9.0,B,A
125,22.00元,刘慈欣,球状闪电,38011,2005-6,四川科学技术出版社,8.7,B,A
126,76.80元,金庸,笑傲江湖（全四册）,66976,1994-5,生活·读书·新知三联书店,9.0,B,A
127,45.00元,[法] 阿尔贝·加缪,局外人,4521,2019-3,江苏凤凰文艺出版社,8.9,B,D
128,49.80,[美] 安东尼·马拉,我们一无所有,2423,2018-2,江苏凤凰文艺出版社,8.8,B,D
129,76.80元,金庸,神雕侠侣,60585,1994-5,生活·读书·新知三联书店,8.9,B,A
130,22.0,阿来,尘埃落定,39963,1998-3-1,人民文学出版社,8.4,B,A
131,25.00元,[日] 村上春树,海边的卡夫卡,76070,2003-4,上海译文出版社,8.1,B,A
132,39.80元,鲁迅,狂人日记,34085,2006-3,京华出版社,8.7,B,A
133,16.00元,余华,兄弟（上）,71561,2005-8,上海文艺出版社,8.3,B,A
134,49.50元,[日] 伊坂幸太郎,金色梦乡,15158,2016-11,南海出版公司,8.9,B,B
135,39.50元,[日] 东野圭吾,恶意,18236,2016-11-1,南海出版公司,8.7,B,B
136,58.00元,[美] 伊丽莎白·斯特劳特,奥丽芙·基特里奇,270,2019-3-25,南海出版公司,9.0,B,E
137,98.00元,[日] 村上春树,刺杀骑士团长,17984,2018-3,上海译文出版社,7.5,B,B
138,36.00元,刘慈欣,乡村教师,9356,2012-9-1,长江文艺出版社,8.5,B,C
139,18.00元,[美] 海莲·汉芙,查令十字街84号,41071,2005-05-01,译林出版社,8.3,B,A
140,35.00元,严歌苓,陆犯焉识,31292,2011-10,作家出版社,8.8,B,A
141,79.80,[美]埃默·托尔斯,莫斯科绅士,2217,2018-6,博集天卷 | 湖南文艺出版社,8.8,B,D
142,23.80元,桐华,那些回不去的年少时光,38530,2010-01,江苏文艺出版社,8.4,B,A
143,20.00元,[法] 司汤达,红与黑,35015,2002,人民文学出版社,8.2,B,A
144,36.80元,[日] 是枝裕和,步履不停,16836,2017-5,北京联合出版公司,8.7,B,B
145,47.00元,金庸,射雕英雄传（全四册）,45621,1999-04,生活·读书·新知三联书店,8.9,B,A
146,58.00元,庆山,夏摩山谷,3055,2019-1,江苏凤凰文艺出版社,7.0,C,D
147,59.00,[英] 萨拉·沃特斯,守夜,261,2019-2,上海人民出版社,8.5,B,E
148,25.00,[美] 雷蒙德·钱德勒,漫长的告别,13772,2008-2,新星出版社,8.1,B,B
149,CNY 32.00,[日] 川端康成,雪国,16576,2013-9-15,南海出版公司,8.0,B,B
150,68.00,[哥伦比亚] 加西亚·马尔克斯,一起连环绑架案的新闻,627,2019-1-15,南海出版公司,8.1,B,E
151,29.80,刘震云,一句顶一万句,27135,2009-3,长江文艺出版社,8.7,B,B
152,32.00元,(英)W.萨默塞特·毛姆,面纱,24982,2012-05-01,重庆,8.7,B,B
153,25.00元,韩寒,1988：我想和这个世界谈谈,131352,2010-9,国际文化出版公司,7.9,B,A
154,39.50元,(日)东野圭吾,祈祷落幕时,19599,2015-1,南海出版公司,7.7,B,B
155,12.00元,[日]芥川龙之介,罗生门,27166,2008-7,上海译文出版社,8.7,B,B
156,330.00元,[美]乔治·R.R.马丁,冰与火之歌,4669,2013-10-1,重庆出版社,9.5,A,D
157,42.00元,[瑞典] 弗雷德里克·巴克曼,外婆的道歉信,14213,2017-5,天津人民出版社,8.0,B,B
158,48.00元,[英] 石黑一雄,长日将尽,3592,2018-5,上海译文出版社,8.9,B,D
159,28.00元,[美国] J. D. 塞林格,麦田里的守望者,51642,2007-3,译林出版社,8.1,B,A
160,188元,[英] 肯·福莱特,圣殿春秋,6007,2018-7,江苏凤凰文艺出版社,8.6,B,C
161,48.00元,金宇澄,繁花,13962,2013-3,上海文艺出版社,8.8,B,B
162,25.00元,[美] 欧·亨利,麦琪的礼物,41519,2003-7,上海社会科学院出版社,8.6,B,A
163,16.00元,[奥] 卡夫卡,变形记,30933,2003-4,浙江文艺出版社,8.4,B,A
164,30.00元,(意)卡尔维诺,树上的男爵,15525,2012-4-1,译林出版社,9.1,A,B
165,27.00元,[英] 夏洛蒂·勃朗特,简爱,12429,2007-8-1,上海文艺出版社,8.6,B,B
166,39.00元,三浦紫苑,强风吹拂,6616,2015-1-1,广西师范大学出版社,9.0,B,C
167,32.80元,春风榴火,楚楚很动人,570,2018-3,广东旅游出版社,6.7,C,E
168,13.5元,张爱玲,金锁记,38360,2005-6,哈尔滨出版社,8.5,B,A
169,10.10元,[英]狄更斯,雾都孤儿,24121,1991-7,上海译文出版社,8.1,B,B
170,38.00元,白先勇,台北人,22230,2010-10,广西师范大学出版社,8.9,B,B
171,17.00元,[美] E.B.怀特,夏洛的网,32691,2004-5,上海译文出版社,8.6,B,A
172,52.00元,马伯庸,显微镜下的大明,5251,2019-1,湖南文艺出版社,8.7,B,C
173,49.80,[日] 小川糸,山茶文具店,6544,2018-3,湖南文艺出版社,8.2,B,C
174,39.90,[美] 安德烈·艾席蒙,夏日终曲,6498,2018-3,外语教学与研究出版社,8.8,B,C
175,35.00元,东野圭吾,嫌疑人X的献身,42115,2014-6,南海出版公司,9.0,B,A
176,18.80元,杨绛,我们仨,147400,2003-7,生活·读书·新知三联书店,8.7,B,A
177,48.00,[美] 哈珀·李,杀死一只知更鸟,10634,2017-2,译林出版社,9.2,A,C
178,25.00元,太宰治,人间失格,21067,2015-8,作家出版社,8.2,B,B
179,45.00元,郑辰,玉森画廊的客人,961,2019-3,广西师范大学出版社,7.8,B,E
180,39.80元,（美）恰克·帕拉尼克,肠子,1444,2014-11,北京联合出版公司,8.4,B,E
181,22.00元,亦舒,喜宝,53981,2007-2,新世界出版社,8.0,B,A
182,28.00元,(英)阿加莎·克里斯蒂,无人生还,16559,2013-7,新星出版社,8.6,B,B
183,47.00,金庸,倚天屠龙记(共四册),35449,1999-04,三联书店,8.6,B,A
184,39.00,郑执,生吞,3650,2017-11-1,浙江文艺出版社,8.3,B,D
185,198.00元,(美) 大卫·马祖凯利,建筑师,609,2019-3,后浪 | 北京联合出版公司,9.3,A,E
186,25.00元,桐华,步步惊心,43669,2006-6,民族出版社,8.1,B,A
187,42.00,[瑞典] 弗雷德里克·巴克曼,清单人生,4937,2018-4-21,天津人民出版社,7.9,B,D
188,29.80元,张爱玲,倾城之恋,14300,2012-6-1,"北京出版集团公司,北京十月文艺出版社",8.7,B,B
189,58.00元,[英] 毛姆 著,英国特工阿申登,296,2019-1,理想国丨广西师范大学出版社,9.3,A,E
190,48.00,[日] 深水黎一郎,推理竞技场,1162,2019-2,新星出版社,7.7,B,E
191,36.00元,张嘉佳,从你的全世界路过,93666,2013-11-1,湖南文艺出版社,7.0,C,A
192,25.00元,[俄] 费奥多尔·陀思妥耶夫斯基,卡拉马佐夫兄弟,10331,2006-8,上海译文出版社,9.4,A,C
193,28.00元,[法] 莫泊桑,项链,28110,2005-2,河北教育出版社,8.3,B,B
194,39.00元,严歌苓,芳华,25987,2017-4-1,人民文学出版社,8.1,B,B
195,39.80元,[日] 东野圭吾,虚无的十字架,32163,2015-6,湖南文艺出版社,7.5,B,A
196,12.00元,余华,活着,183249,1998-5,南海出版公司,9.1,A,A
197,22.00元,王安忆,长恨歌,37158,2003-8,南海出版公司,8.2,B,A
198,10,刘慈欣,流浪地球,1444,2014-7,山西春秋电子音像出版社,7.4,B,E
199,38.00元,刘慈欣,流浪地球,4028,2016-6,中国华侨出版社,8.3,B,D
200,27.00元,[英] 石黑一雄,远山淡影,14097,2011-5,上海译文出版社,8.1,B,B
201,29.80元,[日] 东野圭吾,秘密,36839,2008-6,海南出版社,7.7,B,A
202,49.80元,海宴,琅琊榜,21405,2007-12,朝华出版社,8.5,B,B
203,16.00元,乔治•奥威尔 (George Orwell),动物庄园,20931,2009-6-1,上海三联书店,9.3,A,B
204,20.00元,[英] 阿道司·赫胥黎,美丽新世界,16237,2005-6,重庆出版社,8.6,B,B
205,42.00元,紫金陈,长夜难明,15033,2017-1,云南人民出版社,8.5,B,B
206,52.00元,[美] 伍绮诗,小小小小的火,8688,2018-4,江苏凤凰文艺出版社,8.3,B,C
207,28.00元,〔日〕东野圭吾,幻夜,54668,2009年9月,南海出版公司,7.5,B,A
208,23.00,[阿根廷] 博尔赫斯,小径分岔的花园,8755,2015-7,上海译文出版社,8.9,B,C
209,24.80元,江南,龙族Ⅰ,17108,2010-4,长江出版社,7.7,B,B
210,23.30元,[美]马里奥·普佐,教父,22911,1997-8,译林出版社,9.0,B,B
211,25.00元,[美] 斯科特·菲茨杰拉德,了不起的盖茨比,14076,2012-5,南海出版公司,8.7,B,B
212,25.00,[日]东野圭吾,时生,32880,2010-1,南海出版公司,7.7,B,A
213,35.00元,[英] 阿加莎·克里斯蒂,无人生还,20872,2016-8,新星出版社,8.7,B,B
214,132.00（全三册）,[英] 肯·福莱特,世界的凛冬,15730,2017-3-1,江苏凤凰文艺出版社,8.9,B,B
215,25.00元,[哥伦比亚] 加西亚·马尔克斯,一桩事先张扬的凶杀案,16807,2013-6,南海出版公司,8.7,B,B
216,27.00元,[美] 弗拉基米尔·纳博科夫,洛丽塔,61551,2005-12,上海译文出版社,7.7,B,A
217,25.00,顾漫,微微一笑很倾城,86859,2009-8,江苏文艺出版社,7.9,B,A
218,45.00元,[日] 中岛敦,山月记,514,2019-3,三秦出版社,8.3,B,E
219,23.00元,苏童,妻妾成群,25955,2004-8,上海文艺出版社,8.2,B,B
220,22.00,(法)阿尔贝·加缪,局外人,6930,2013-8,上海译文出版社,9.1,A,C
221,328.00元,[法] 马塞尔·普鲁斯特,追忆似水年华,2771,2012-6,译林出版社,9.2,A,D
222,18.00元,余华,在细雨中呼喊,19563,1999-1,南海出版公司,8.3,B,B
223,15.50元,王朔,动物凶猛,23630,2004年02月,中国电影出版社,8.3,B,B
224,32.00元,玖月晞,少年的你，如此美丽,4167,2016-9,百花洲文艺出版社,6.7,C,D
225,20.00元,[苏] 尼·奥斯特洛夫斯基,钢铁是怎样炼成的,52232,1996-10,译林出版社,7.6,B,A
226,20.00,[德] 赫尔曼·黑塞,悉达多,17766,2009-3,上海人民出版社,9.0,B,B
227,66.00元,[法] 雨果,悲惨世界（上中下）,35829,1992-6,人民文学出版社,8.9,B,A
228,28.00元,[澳] 考琳·麦卡洛,荆棘鸟,37965,1998-7,译林出版社,8.6,B,A
229,45.00元,巫哲,撒野,4185,2018-10,北京联合出版公司,9.0,B,D
230,38.00元,[马来西亚] 黄锦树,雨,3300,2018-3,后浪丨四川人民出版社,8.5,B,D
231,32.00元,[美] 艾萨克·阿西莫夫,永恒的终结,17894,2014-9-1,江苏文艺出版社,9.0,B,B
232,49,[日]荻原浩,海边理发店,560,2019-3,南海出版公司,8.0,B,E
233,39.00元,[美] 丹尼尔·凯斯,24个比利,18698,2015-6-30,外语教学与研究出版社,8.1,B,B
234,25.00元,[日] 太宰治,人间失格,26646,2011-12,武汉出版社,8.3,B,B
235,39.80元,马伯庸,长安十二时辰 下,6102,2017-1,湖南文艺出版社,7.7,B,C
236,39.50,[日] 东野圭吾,新参者,13505,2016-1,南海出版公司,8.3,B,B
237,23.80元,[日] 川端康成,伊豆的舞女,36403,2002-2,广西师范大学出版社,8.2,B,A
238,56.00元,[美] 约翰·威廉斯,奥古斯都,1822,2018-5,上海人民出版社,9.2,A,E
239,59.00元,美国《作家文摘》杂志社 编,短篇小说写作指南,189,2019-1-30,浦睿文化·湖南文艺出版社,8.3,B,E
240,295.20,南派三叔,盗墓笔记,17233,2011-9,上海文化出版社,8.5,B,B
241,42,关心则乱,知否知否应是绿肥红瘦,3697,2018-4-1,中国华侨出版社,7.4,B,D
242,32.00元,马伯庸,古董局中局,19011,2012-9,凤凰出版社,7.5,B,B
243,108.00元,金庸,鹿鼎记（全五册）,35092,2008-3,广州出版社 花城出版社,8.8,B,A
244,58.00元,九鹭非香,招摇,2422,2016-8-1,湖南文艺出版社,7.4,B,D
245,26.00元,[英]阿加莎·克里斯蒂,东方快车谋杀案,17321,2013-4,新星出版社,8.9,B,B
246,28.00元,豆豆,遥远的救世主,10751,2005-05-01,作家出版社,8.7,B,C
247,36.00元,[美] 特德·姜,你一生的故事,15610,2015-5,译林出版社,8.6,B,B
248,45,(美)马里奥·普佐,教父,12402,2014-4-1,江苏文艺出版社,9.1,A,B
249,25.00元,安妮宝贝,莲花,84805,2006-3,作家出版社,8.0,B,A
250,69,[奥地利] 斯蒂芬·茨威格,人类群星闪耀时,2339,2019-4-1,江苏凤凰文艺出版社,8.8,B,D
251,15.00元,顾漫,何以笙箫默,128502,2007-4,朝华出版社,7.8,B,A
252,98.00元,[英]派特·巴克,重生三部曲,61,2019-4,上海人民出版社,8.1,B,E
253,46.00元,书海沧生,十年一品温如言,17176,2011-6,江苏文艺出版社,7.6,B,B
254,26.80元,笛安,东霓,37657,2010-7-1,长江文艺出版社,8.1,B,A
255,35.00元,[美] 恰克·帕拉尼克,肠子,13228,2011-1,吉林出版集团有限责任公司,8.3,B,B
256,11.5,张爱玲,第一炉香,25463,1997-3,花城出版社,8.4,B,B
257,32.00元,[英] 毛姆,人生的枷锁,15295,2007-3,上海译文出版社,9.0,B,B
258,11.80元,[日] 村上春树,且听风吟,49509,2001-8,上海译文出版社,7.8,B,A
259,32.00元,[英] 毛姆,月亮和六便士,32714,2009-10,上海译文出版社,9.1,A,A
260,79.00元,[爱尔兰] 乔伊斯,尤利西斯,1184,2012-5,人民文学出版社,9.1,A,E
261,36.00元,[美] 丹尼尔·凯斯,献给阿尔吉侬的花束,8785,2015-4,广西师范大学出版社,9.0,B,C
262,56.00,[美] 耶日·科辛斯基,被涂污的鸟,153,2019-3,上海人民出版社,8.3,B,E
263,49.80元,阿耐,都挺好,697,2019-1,江苏凤凰文艺出版社,7.4,B,E
264,32.80元,春风榴火,楚楚很动人2,387,2018-3,广东旅游出版社,7.4,B,E
265,39.50,[日] 东野圭吾,红手指,7254,2016-1,南海出版公司,8.1,B,C
266,25.00元,[意大利] 伊塔洛·卡尔维诺,看不见的城市,11243,2012-4,译林出版社,9.0,B,C
267,臺幣1200圓,Priest,殺破狼,7231,2016-9,龍馬文化,8.9,B,C
268,36.00元,老舍,四世同堂,8667,2008-07,北京十月文艺出版社,9.3,A,C
269,NT$130,森尾正博,天然格鬥少女千尋 02,433,2014-2-18,東立出版社,,,E
270,24.00元,郭敬明,悲伤逆流成河,93628,2007-5,长江文艺出版社,6.2,C,A
271,28.00,[日] 东野圭吾,信,4855,2014-10,译林出版社,7.9,B,D
272,25.00元,江南,此间的少年,41568,2004-1,华文出版社,8.4,B,A
273,45.0元,[日] 山田宗树,被嫌弃的松子的一生,3388,2018-5,文治图书·四川文艺出版社,8.6,B,D
274,28.00元,张爱玲,红玫瑰与白玫瑰,8066,2012-6,北京十月文艺出版社,8.7,B,C
275,39.50元,双雪涛,平原上的摩西,5811,2016-6,百花文艺出版社,8.4,B,C
276,168.00元,[美] 库尔特·冯内古特,2081,70,2019-4,楚尘文化,9.5,A,E
277,25.00,[德]帕·聚斯金德,香水,9411,2009-6,上海译文出版社,8.9,B,C
278,9.20,曹禺,雷雨,36845,1999-05,人民文学出版社,8.6,B,A
279,29.50,(葡)若泽·萨拉马戈,失明症漫记,6378,2014-2,南海出版公司,9.0,B,C
280,37.00元,[俄] 列夫·托尔斯泰,安娜·卡列尼娜,5163,2007-8,上海文艺出版社,9.2,A,C
281,268.00元,兰陵笑笑生,金瓶梅,6361,1991,齐鲁出版社,8.7,B,C
282,48,[瑞典] 弗雷德里克·巴克曼,长长的回家路,757,2019-1,北京联合出版社,8.5,B,E
283,35.00元,莫言,蛙,8653,2012-10,上海文艺出版社,8.3,B,C
284,35.00元,余华,活着,3562,2017-6-1,北京十月文艺出版社,9.4,A,D
285,28.00元,[美] 杰克·凯鲁亚克,在路上,41737,2006-10,上海译文出版社,7.8,B,A
286,28.00元,王小波,红拂夜奔,21157,2005-1,江苏文艺出版社,8.6,B,B
287,18.00元,冯骥才,俗世奇人,10468,2008-12,作家出版社,8.5,B,C
288,68.00元,路遥,平凡的世界（全三册）,29835,2009-1,北京十月文艺出版社,9.1,A,B
289,28.00,[英] 维多利亚·希斯洛普,岛,33528,2009-4,南海出版公司,7.7,B,A
290,46.00元,白先勇,孽子,9369,2010.10,广西师范大学出版社,9.1,A,C
291,52.00元,[美] 戴维·伽特森,雪落香杉树,5952,2017-6,全本书店|作家出版社,8.4,B,C
292,68.00,[澳]马库斯·苏萨克,偷书贼,1111,2018-11-1,北京十月文艺出版社,9.1,A,E
293,38.00,毕飞宇,小说课,5580,2017-2,人民文学出版社,8.6,B,C
294,45.00元,黄国峻,度外,413,2019-1,后浪丨四川人民出版社,8.2,B,E
295,20.00元,[德] 帕·聚斯金德,香水,31608,2005-5,上海译文出版社,8.5,B,A
296,45.00元,[日] 村田沙耶香,人间便利店,5535,2018-4,湖南文艺出版社·向上文学品牌,7.7,B,C
297,68.00元,罗伯特·麦基,故事,6396,2014-9-1,天津人民出版社,9.2,A,C
298,28,[日]中岛敦,山月记,2939,2013-5,中华书局,8.8,B,D
299,0.25元,鲁迅,朝花夕拾,44554,1972年4月,人民文学出版社,8.7,B,A
300,23.00元,[日] 村上春树,世界尽头与冷酷仙境,31328,2002-12,上海译文出版社,8.6,B,A
301,68.00元,[美] 乔治·R. R. 马丁,冰与火之歌（卷一）,28085,2005-5,重庆出版社,9.3,A,B
302,20.00元,[日] 乙一,ZOO,28754,2007-10,当代世界出版社,8.6,B,B
303,320.00,阿耐,大江大河四部曲,3329,2018-6-30,北京联合出版公司,8.2,B,D
304,43.00元,林语堂,京华烟云,27729,2005-7,陕西师范大学出版社,8.5,B,B
305,42,李诞,冷场,4201,2018-11-20,四川文艺出版社,6.4,C,D
306,25.00元,[美] 卡森·麦卡勒斯,心是孤独的猎手,25910,2005-8,上海三联书店,8.5,B,B
307,32.00,刘慈欣,时间移民,7830,2014-12,江苏凤凰文艺出版社,8.4,B,C
308,18.50元,简•奥斯丁(Jane Austen),傲慢与偏见,8857,2010-6-1,译林出版社,9.0,B,C
309,30.00,[日] 东野圭吾,圣女的救济,25464,2009-5,当代世界出版社,7.7,B,B
310,42.00,[日]秋吉理香子,圣母,934,2019-3,新星出版社,8.1,B,E
311,20.00元,郭敬明,梦里花落知多少,155481,2003-11,春风文艺出版社,7.1,B,A
312,25.00元,余华,在细雨中呼喊,8080,2012-11-1,作家出版社,8.5,B,C
313,68.00,[德]温弗里德•塞巴尔德,奥斯特利茨,144,2019-3,广西师范大学出版社,9.2,A,E
314,68.00,[法] 乔治·佩雷克,人生拼图版,770,2017-12,中信出版集团,8.6,B,E
315,48,肖遥,AI迷航3,280,2019-3,上海文艺出版社,6.9,C,E
316,39.8,[瑞典] 弗雷德里克·巴克曼,一个叫欧维的男人决定去死,3428,2017-7-24,四川文艺出版社,9.2,A,D
317,56.00元,匪我思存,东宫,1378,2017-11-15,江苏凤凰文艺出版社,7.4,B,E
318,36.00元,(美)罗伯特·M.波西格,禅与摩托车维修艺术,11020,2011-9,重庆出版社,8.3,B,C
319,25.00元,[德] 赫尔曼·黑塞,德米安,9939,2009-3,上海人民出版社,9.0,B,C
320,28.00元,[日] 东野圭吾,新参者,22981,2011-9,南海出版公司,8.4,B,B
321,18.80元,王小波,一只特立独行的猪,46187,2006-4,北方文艺出版社,8.8,B,A
322,29.80元,江南,龙族Ⅱ,12857,2011-5,长江出版社,8.0,B,B
323,CNY 20.00,[加拿大] 阿利斯泰尔·麦克劳德,海风中失落的血色馈赠,5581,2015-6-1,上海世纪出版股份有限公司,9.0,B,C
324,39.00元,[美] 艾萨克·阿西莫夫,神们自己,13145,2014-12-1,江苏凤凰文艺出版社,8.4,B,B
325,38.00,静岛,不过神仙和没事妖怪,122,2019-5,广西师范大学出版社,6.8,C,E
326,13.50元,[日] 村上春树,国境以南 太阳以西,29508,2001-8,上海译文出版社,8.3,B,B
327,49.00元,[加拿大] 玛格丽特·阿特伍德,使女的故事,4126,2017-12,上海译文出版社,8.3,B,D
328,22.00元,[英] 阿加莎·克里斯蒂,尼罗河上的惨案,26397,2006-5,人民文学出版社,8.7,B,B
329,24.00,[日] 三岛由纪夫,金阁寺,15131,2009-1,上海译文出版社,8.6,B,B
330,29.60元,张爱玲,半生缘,6774,2012-6-1,北京十月文艺出版社,9.1,A,C
331,34.80元,囧囧有妖,君子报恩2,399,2018-3,民主与建设出版社,7.3,B,E
332,39.50元,[日] 村上春树,没有色彩的多崎作和他的巡礼之年,28437,2013-10-1,南海出版公司,8.2,B,B
333,55.00,未再,洁身自爱,334,2016-1-1,江苏凤凰文艺出版社,7.9,B,E
334,168.00元,刘慈欣,三体全集,14457,2012-1-1,重庆出版社,9.3,A,B
335,16.00,韩寒,三重门,103115,2000-5,作家出版社,7.4,B,A
336,42.8元,【英】克莱儿·麦克福尔,摆渡人2重返荒原,5332,2017-9,百花洲文艺出版社,6.3,C,C
337,28.00元,[英]阿加莎·克里斯蒂,罗杰疑案,9463,2013-3,新星出版社,9.1,A,C
338,48,[美]玛利亚·森普尔,伯纳黛特，你要去哪,1256,2018-11,中国友谊出版公司,8.0,B,E
339,12.00,福楼拜,包法利夫人,17901,2003-01,人民文学出版社,8.0,B,B
340,3.95元,汪曾祺,受戒,7218,1987-10,漓江出版社,9.2,A,C
341,69.90元,[英] 尼尔·盖曼,美国众神,5135,2017-4,北京联合出版公司,7.7,B,C
342,20.00元,九把刀,那些年，我们一起追的女孩,32539,2007-1,花山文艺出版社,8.2,B,A
343,18.00元,[美] 黄仁宇,万历十五年,97375,1997-5,生活·读书·新知三联书店,8.9,B,A
344,118.00元,阿耐,大江东去（共三部）,5053,2009-1,长江文艺出版社,8.9,B,D
345,45元,[英]乔乔·莫伊斯,一个人的巴黎,384,2019-2,浙江文艺出版社,7.5,B,E
346,45,[日] 东野圭吾,假面山庄,7143,2018-1,北京十月文艺出版社,7.6,B,C
347,13.00,阿城,棋王,17204,1999-10,作家出版社,8.7,B,B
348,39.8元,[英] 威廉·萨默塞特·毛姆,面纱,7571,2016-4-1,江西人民出版社,9.0,B,C
349,28,(法) 加缪,异乡人,13049,2015-2-1,北京大学出版社,9.0,B,B
350,59,那多,十九年间谋杀小叙,2603,2018-8-15,人民文学出版社,8.2,B,D
351,45.00元,刘震云,一句顶一万句,4324,2016-8,长江文艺出版社,8.9,B,D
352,36.00元,[美] 卡勒德·胡赛尼,群山回唱,15071,2013-8,上海人民出版社,8.4,B,B
353,22.00元,[美] 雷蒙德·卡佛,当我们谈论爱情时我们在谈论什么,37124,2010-1,译林出版社,7.8,B,A
354,48.00元,Priest,默读.2,2836,2018-6,北京联合出版公司,8.6,B,D
355,28.00元,三毛,梦里花落知多少,47216,2007-6,北京十月文艺出版社,8.8,B,A
356,22.0,纳训,一千零一夜,26387,2003-01,人民文学出版社,8.6,B,B
357,36.80元,江南,龙族Ⅲ,8539,2013-12,长江出版社,8.2,B,C
358,28.00,[日] 岛田庄司,占星术杀人魔法,24204,2008-9,新星出版社,8.3,B,B
359,28.00元,严歌苓,小姨多鹤,22342,2008-4,作家出版社,8.6,B,B
360,140.00元,Priest,有匪（全集）,3497,2017-10,湖南文艺出版社,8.9,B,D
361,59.6,[日] 东野圭吾,白夜行,4314,2017-7,南海出版公司,9.0,B,D
362,NT$250,湊佳苗、湊かなえ,告白,20966,2009-8,時報文化,8.6,B,B
363,15.00元,[日] 青山七惠,一个人的好天气,78192,2007-9,上海译文出版社,7.6,B,A
364,39.80元,[日] 东野圭吾,沉睡的人鱼之家,12423,2017-6,北京联合出版公司,7.2,B,B
365,39.80元,[日]渡边淳一,失乐园,16300,2014-6,北京联合出版公司,7.7,B,B
366,45.00元,[日] 东野圭吾,秘密,3280,2017-11,南海出版公司,8.0,B,D
367,45.00元,双雪涛,飞行家,4148,2017-8-1,理想国|广西师范大学出版社,8.2,B,D
368,42,[英]阿瑟·克拉克,与罗摩相会,2176,2018-6-15,江苏凤凰文艺出版社,8.8,B,D
369,58.00元,[美]李敏金,柏青哥,151,2019-1,江苏凤凰文艺出版社,8.5,B,E
370,328.00元,[美] 艾萨克·阿西莫夫,银河帝国：基地七部曲,2184,2015-10-1,江苏凤凰文艺出版社,9.5,A,D
371,NT330元,墨香铜臭,魔道祖師 一,15499,2016-12-8,平心工作室,8.0,B,B
372,68.00元,[英] 威廉·萨默塞特·毛姆,人性的枷锁,4460,2016-5,江西人民出版社,9.2,A,D
373,26.80元,天下霸唱,鬼吹灯之云南虫谷,30320,2006-11,安徽文艺出版社,8.0,B,B
374,45.00,[美]洪晃,张大小姐,1528,2018-11-1,浙江文艺出版社,6.4,C,E
375,23.00元,[俄] 陀思妥耶夫斯基,罪与罚,6542,2006-8,上海译文出版社,9.1,A,C
376,48.00元,Priest,默读.3,1920,2018-8,北京联合出版公司,8.6,B,E
377,25.00元,[英] 珍妮特·温特森,橘子不是唯一的水果,11700,2010-7,新星出版社,7.6,B,B
378,36.00元,[日] 村上春树,1Q84 BOOK 2,57447,2010-6,南海出版公司,8.4,B,A
379,25.00元,鲍鲸鲸,失恋33天,37404,2010-1,中信出版社,8.1,B,A
380,28,伊坂幸太郎,余生皆假期,13226,2015-2,新星出版社,7.8,B,B
381,NTD 350,陳浩基,13 67,1451,2014-6-9,皇冠,9.2,A,E
382,29.00元,[英]阿加莎·克里斯蒂,尼罗河上的惨案,8038,2013-9,新星出版社,8.6,B,C
383,35.00元,王小波,黄金时代,2482,2017-4,北京十月文艺出版社,8.9,B,D
384,29.80元,[美] 丹.布朗,天使与魔鬼,30849,2005-2,人民文学出版社,8.1,B,B
385,20.00元,匪我思存,来不及说我爱你,21763,2006-9,新世界出版社,8.1,B,B
386,25,priest,镇魂,9867,2013-7-4,晋江出版社,8.0,B,C
387,58.00,阿城,棋王·树王·孩子王,3629,2016-3-1,江苏文艺出版社,9.2,A,D
388,28.80,刘慈欣、Comis You 滴水工坊 制作漫画,全频带阻塞干扰,7053,2009-3,中国文联出版社,8.4,B,C
389,45.00元,[日]东野圭吾,流星之绊,4932,2016-6,南海出版公司,8.0,B,D
390,,郝景芳,北京折叠,1681,,,7.2,B,E
391,35.00元,胡迁,大裂,6352,2017-1-1,九州出版社,7.6,B,C
392,14.10,查尔斯・狄更斯,双城记,16156,1996-08,人民文学出版社,8.3,B,B
393,38.00元,[日]芥川龙之介,罗生门,3956,2017-8,江苏凤凰文艺出版社,8.5,B,D
394,49.80元,莫言,丰乳肥臀,9138,2003-09,中国工人出版社,8.0,B,C
395,13.00,[德]赫尔曼·黑塞,荒原狼,6802,2008-7,上海译文出版社,9.0,B,C
396,69.00元,[英] 毛姆,月亮与六便士,879,2019-4-15,江苏凤凰文艺出版社,9.2,A,E
397,16.00元,[意大利]伊塔洛·卡尔维诺,看不见的城市,30079,2006-8,译林出版社,8.8,B,B
398,68.00,[美] 约翰·欧文,独居的一年,8929,2017-8-1,读客图书·江苏凤凰文艺出版社,8.1,B,C
399,20.00元,（美）理查德·耶茨、Richard Yates,十一种孤独,17280,2010-1,上海译文出版社,8.2,B,B
400,49.50元,[日] 东野圭吾,黎明之街,3368,2018-3,南海出版公司,7.4,B,D
401,13.00元,[英] 乔治·奥威尔,一九八四,28305,2006-8,上海译文出版社,9.3,A,B
402,10.00元,王小波,白银时代,22349,1997-5,花城出版社,8.4,B,B
403,28.00元,都梁,亮剑,15091,2005-3,解放军文艺出版社,8.9,B,B
404,42.00元,马伯庸,古董局中局 4,8803,2015-12,北京联合出版公司,7.3,B,C
405,19.90元,刘慈欣,流浪地球,2154,2003-1-1,天海文化,8.2,B,D
406,42.00元,郭强生,断代,2485,2018-6,后浪丨民主与建设出版社,8.2,B,D
407,49.80元,阿耐,都挺好,351,2019-1,江苏凤凰文艺出版社,7.3,B,E
408,18.00元,曹文轩,草房子,10722,2009-6,江苏少年儿童出版社,9.0,B,C
409,168.00（全三册）,[英] 肯·福莱特,永恒的边缘,7065,2017-5,江苏凤凰文艺出版社,7.8,B,C
410,35.00元,[美] 海莲·汉芙,查令十字街84号,19254,2016-5,译林出版社,8.1,B,B
411,24.80,当年明月,明朝那些事儿（贰）,48474,2007-1,中国友谊出版公司,8.9,B,A
412,369.00元,孙皓晖,大秦帝国,10891,2008-5-1,河南文艺出版社,8.7,B,C
413,38.00元,刘慈欣,赡养人类,3345,2016-7,中国华侨出版社,8.5,B,D
414,45.00元,岩井俊二,情书,1555,2018-6-1,南海出版公司,9.0,B,E
415,78.00元,(俄罗斯)维克托·阿斯塔菲耶夫,鱼王,3004,2017-4,理想国 | 广西师范大学出版社,8.9,B,D
416,26.00元,阎真,沧浪之水,12210,2001-10,人民文学出版社,8.5,B,B
417,CNY 110.00,罗曼·罗兰,约翰·克里斯朵夫,528,2014-5-1,百花洲文艺出版社,9.0,B,E
418,20.00元,江南,九州·缥缈录,23583,2005-6,新世界出版社,8.8,B,B
419,36.8,姜之鱼,青梅七分甜,224,2018-6,广东旅游出版社,7.0,C,E
420,33.00元,[意] 翁贝托·埃科,玫瑰的名字,7305,2010-03,上海译文出版社,8.6,B,C
421,38.00元,[美] 约瑟夫·海勒,第二十二条军规,2024,2012-8-1,译林出版社,8.8,B,D
422,19.50元,[哥伦比亚] 加西亚·马尔克斯,没有人给他写信的上校,18192,2013-5,南海出版公司,8.5,B,B
423,25.00元,沧月,七夜雪,29323,2006-10,北京十月文艺出版社,8.4,B,B
424,7.40元,[德] 歌德,少年维特的烦恼,23612,1999-7,人民文学出版社,7.8,B,B
425,28.00元,郭敬明,幻城,97087,2003-1,春风文艺出版社,7.0,C,A
426,39.00元,莫言,生死疲劳,11142,2006-1-1,作家出版社,8.2,B,C
427,48.00,苏童,妻妾成群,160,2019-2-1,浙江人民出版社,9.1,A,E
428,24.80元,桐华,云中歌1,22207,2007-9,作家出版社,8.1,B,B
429,49.50,[日]东野圭吾,悲剧人偶,2182,2018-8-1,北京十月文艺出版社,7.0,C,D
430,22.00元,[日]吉本芭娜娜,厨房,14081,2009-10,上海译文出版社,8.1,B,B
431,21.00元,[英] 阿加莎·克里斯蒂,罗杰疑案,20981,2006-5,人民文学出版社,8.9,B,B
432,32,马伯庸,古董局中局 2,11221,2013-9-1,江苏文艺出版社,7.4,B,C
433,59.00元,(美)丹·西蒙斯,海伯利安,4046,2014-11,吉林出版集团有限责任公司,9.2,A,D
434,26.00,江南,上海堡垒,15892,2009-1,万卷出版公司,8.5,B,B
435,36.80,旧时绵绵,以他之姓,92,2018-9,江苏凤凰出版社,,,E
436,42.00元,[日] 东野圭吾,白金数据,5140,2018-1,北京联合出版公司,7.1,B,C
437,38.00元,[日]村上春树,挪威的森林,1480,2018-3,上海译文出版社,8.6,B,E
438,43,刘洋,火星孤儿,396,2018-12,人民文学出版社,7.8,B,E
439,45,[日]东野圭吾,放学后,3119,2017-9,南海出版公司,7.5,B,D
440,25.00,（丹麦）安徒生,安徒生童话故事集,52747,1997-08,人民文学出版社,9.2,A,A
441,39.50元,[日] 村上春树,1Q84 BOOK 3,40201,2011-1,南海出版公司,7.6,B,A
442,54.00元,紫金陈,坏小孩,7402,2014-9-1,浦睿文化·湖南文艺出版社,7.9,B,C
443,26.80,唐七公子,三生三世 十里桃花,74314,2009-1,沈阳出版社,7.9,B,A
444,13.00元,林海音,城南旧事,9645,2008-5,人民文学出版社,9.1,A,C
445,25.00元,天下霸唱,鬼吹灯之龙岭迷窟,27800,2006-11,安徽文艺出版社,7.8,B,B
446,110.00元,[法] 雨果,悲惨世界,1341,2015-6,人民文学出版社,9.6,A,E
447,28.00元,(英)阿加莎·克里斯蒂,ABC谋杀案,6421,2013-6,新星出版社,8.3,B,C
448,48.00,[日] 恒川光太郎,金色机械,176,2019-2,化学工业出版社,7.7,B,E
449,78.00元,[美] 内森·希尔、Nathan Hill,水妖,154,2019-1,理想国丨九州出版社,8.7,B,E
450,27.00元,莫言,檀香刑,15776,2001-3,作家出版社,8.2,B,B
451,22.00元,[英]弗吉尼亚·伍尔夫,到灯塔去,5321,2009-1-1,上海译文出版社,8.6,B,C
452,36.00元,（美）欧文 D.亚隆（Irvin D.Yalom）,当尼采哭泣,3955,2011-1,机械工业出版社,8.8,B,D
453,49.90元,冶文彪,清明上河图密码,10782,2015-1-1,北京联合出版公司,8.2,B,C
454,27.00元,[日] 村上春树,海边的卡夫卡,25411,2007-7,上海译文出版社,8.5,B,B
455,20.00元,[意大利] 伊塔洛•卡尔维诺,分成两半的子爵,8179,2012-4-1,译林出版社,8.7,B,C
456,10.30,[日]夏目漱石,我是猫,13238,1994-5-1,译林出版社,7.9,B,B
457,29.90元,[美] 奥德丽·尼芬格,时间旅行者的妻子,38198,2007-4,人民文学出版社,8.1,B,A
458,36.00元,[土耳其] 奥尔罕·帕慕克,纯真博物馆,8135,2010-1,上海人民出版社,8.0,B,C
459,25.00元,[日] 村上春树,舞！舞！舞！,24135,2002-6,上海译文出版社,8.3,B,B
460,39.50元,东野圭吾,时生,7686,2015-7-1,南海出版公司,7.6,B,C
461,11.00,萧红,生死场,9577,2005-5-1,人民文学出版社,8.2,B,C
462,26.00元,[挪] 乔斯坦·贾德,苏菲的世界,28263,2007-10,作家出版社,8.8,B,B
463,29.00,九夜茴,匆匆那年（上下）,33318,2008-1,东方出版社,8.3,B,A
464,26.00元,[英] 道格拉斯·亚当斯,银河系搭车客指南,11384,2011-7,上海译文出版社,8.7,B,C
465,48.00元,[日]小川糸,闪闪发光的人生,684,2019-1-31,湖南文艺出版社,8.0,B,E
466,45.00元,[德] 埃里希·玛丽亚·雷马克,西线无战事,772,2017-6,上海人民出版社,9.0,B,E
467,30.00元,王小波,绿毛水怪,10497,2009-1,时代文艺出版社,9.0,B,C
468,32.00元,[美] 威廉·吉布森,神经漫游者,4903,2013-6,江苏文艺出版社,8.1,B,D
469,29.00元,[美] 约翰·斯坦贝克（John Steinbeck）,人鼠之间,3117,2016-1-1,上海文艺出版社,9.1,A,D
470,20.00元,韩寒,长安乱,78701,2004-8,中国青年出版社,7.4,B,A
471,58,八月长安,暗恋·橘生淮南,10961,2014-7-25,湖南文艺出版社,7.9,B,C
472,23.00元,王小波,黄金时代,35692,2009-07-01,陕西师范大学出版社,8.9,B,A
473,39.50元,东野圭吾,麒麟之翼,3375,2015-7,南海出版公司,7.8,B,D
474,36.00元,[日]东野圭吾,梦幻花,12032,2015-2,作家出版社,6.6,C,B
475,32.00元,[法]加缪,局外人,3753,2016-7,天津人民出版社,8.8,B,D
476,38.00元,袁哲生,寂寞的游戏,2611,2017-9,北京联合出版公司,8.4,B,D
477,22.00元,[意] 伊塔洛·卡尔维诺,不存在的骑士,6692,2012-4,译林出版社,8.8,B,C
478,22.00元,[俄] 陀思妥耶夫斯基,罪与罚,10859,2003-8,人民文学出版社,8.8,B,C
479,38.00元,[美] 雷·布拉德伯里,写作的禅机,255,2019-2,后浪丨江西人民出版社,8.1,B,E
480,86,八月长安,你好，旧时光,4856,2015-10,长江文艺出版社,8.5,B,D
481,49,[加拿大] 阿利斯泰尔·麦克劳德,海风中失落的血色馈赠,187,2019-1,人民文学出版社,9.2,A,E
482,68,[西] 塞万提斯,堂吉诃德,739,2015-6,人民文学出版社,9.0,B,E
483,29.80元,江南,龙族Ⅲ,9361,2013-1,长江出版社,7.8,B,C
484,23.80元,（日）太宰治,斜阳,7642,2008-10,重庆出版社,8.6,B,C
485,42元,[意]马西米利亚诺·威尔吉利奥,那不勒斯的萤火,1582,2018-5,百花洲文艺出版社,7.2,B,E
486,90.00元,[美] 玛丽莲·弗伦奇,醒来的女性,2560,2017-7,未读·文艺家·北京联合出版公司,8.8,B,D
487,22.80元,笛安,西决,52309,2009-3,长江文艺出版社,7.9,B,A
488,22.00元,[英]乔治·奥威尔,动物农场,6886,2010.9,上海译文出版社,9.3,A,C
489,79.80元,墨宝非宝,十二年故人戏,619,2019-3,江苏凤凰文艺出版社,9.1,A,E
490,36.80元,[日] 凑佳苗,告白,5071,2016-4,湖南文艺出版社,8.8,B,C
491,128元,[美] 丹·西蒙斯,谋杀狄更斯,69,2019-4,上海文艺出版社,8.0,B,E
492,28.00元,天下霸唱,鬼吹灯之昆仑神宫,24221,2006-12,安徽文艺出版社,7.9,B,B
493,12.50,贾平凹,废都,15214,1993,北京出版社,7.1,B,B
494,29.90元,[日]太宰治,人间失格,4610,2013-4,天津人民出版社,8.4,B,D
495,39,[奥地利]罗伯特•泽塔勒,大雪将至,1246,2018-6,南海出版公司,8.3,B,E
496,45.00元,【英】奥尔德斯·赫胥黎,美丽新世界,2194,2017-6,上海译文出版社,9.1,A,D
497,13.00元,余华,活着,83371,2004-5,上海文艺出版社,9.1,A,A
498,32.00元,马伯庸,古董局中局 3,9813,2014-12,北京联合出版公司,7.7,B,C
499,25.00元,[捷克] 米兰·昆德拉,生活在别处,27032,2004-5,上海译文出版社,8.4,B,B
500,48.00元,[越]保宁,战争哀歌,185,2019-4,湖南文艺出版社,7.8,B,E
501,36.00,钱锺书,围城,1319,2017-6,人民文学出版社,9.4,A,E
502,59.00元,[美] R.J.帕拉西奥,奇迹男孩,3362,2018-1,人民文学出版社,8.8,B,D
503,18.00元,阿耐,食荤者,1138,2004-7,上海人民出版社,8.1,B,E
504,39.00元,[英] 石黑一雄,被掩埋的巨人,4393,2016-1-1,上海译文出版社,7.8,B,D
505,19.80元,（英）艾利克斯・希尔,天蓝色的彼岸,13155,2003-12,新世界出版社,8.5,B,B
506,22.00元,斯蒂芬·茨威格,一个陌生女人的来信,1731,2017-9,时代文艺出版社,8.9,B,E
507,39.8,[美]哈珀·李,杀死一只知更鸟,563,2018-5,译林出版社,9.5,A,E
508,20.00元,[法] 阿尔贝·加缪,鼠疫,7059,2003-05,译林出版社,8.5,B,C
509,26.00元,蜘蛛,十宗罪,10451,2010-12,湖南文艺出版社,6.7,C,C
510,168.00 元,[美] J.J.艾布拉姆斯、[美] 道格·道斯特,S.,5033,2016-6-6,中信出版集团,7.8,B,D
511,22.00元,[巴西] 保罗·柯艾略,维罗妮卡决定去死,8874,2010-8,南海出版公司,8.2,B,C
512,29.00元,巴金,家,17752,1981-09-01,人民文学出版社,8.2,B,B
513,34.80元,夏夜微凉,丝丝入口,111,2018-8,江苏凤凰文艺出版社,,,E
514,32.00元,江南,龙族Ⅳ,7988,2015-12,长江出版社,7.1,B,C
515,13.0,罗贯中,三国演义,8833,1986-6-1,岳麓书社,9.4,A,C
516,39.80元,[日] 东野圭吾,拉普拉斯的魔女,11464,2017-1,北京联合出版公司,6.8,C,B
517,45.00元,[智利] 罗贝托·波拉尼奥,地球上最后的夜晚,5250,2013-4-1,上海人民出版社,8.3,B,C
518,19.80元,王小波,万寿寺,6945,2006-3,北方文艺出版社,8.6,B,C
519,CNY 78.00,陀思妥耶夫斯基 (Ф.М.Достоевский),卡拉马佐夫兄弟,1884,2015-2-1,上海译文出版社,9.7,A,E
520,92.00,马伯庸,七侯笔录,138,2019-4-15,湖南文艺出版社,7.5,B,E
521,39.50,[日] 川端康成,古都,4197,2014-1,南海出版公司,8.7,B,D
522,55.00,雨楼清歌,一瓣河川,552,2018-5-1,青马文化  新星出版社,8.6,B,E
523,68.00元,[美] H.P.洛夫克拉夫特,克苏鲁神话,4398,2016-11-1,浙江文艺出版社,7.6,B,D
524,21.45元,[德国]格林兄弟,格林童话全集,42973,1994-11,人民文学出版社,9.0,B,A
525,29.80元,安德烈·艾席蒙,请以你的名字呼唤我,8080,2012-8,中国友谊出版公司,8.6,B,C
526,25.00,(美)威廉﹒福克纳,喧哗与骚动,4087,2004-08,上海译文出版社,8.8,B,D
527,27.00元,王小波,沉默的大多数,66218,1997-10,中国青年出版社,9.1,A,A
528,34,(法)阿尔贝·加缪,鼠疫,4400,2013-8,上海译文出版社,9.0,B,D
529,28.00元,贝蒂·史密斯（Betty Smith),布鲁克林有棵树,7526,2009-7,译林出版社,8.7,B,C
530,23.00元,[英] 乔治·奥威尔,一九八四·动物农场,29719,2003-4,上海译文出版社,9.3,A,B
531,36.00元,[美]克莉丝汀·汉娜,萤火虫小巷,6499,2015-11-1,百花洲文艺出版社,8.1,B,C
532,49,[美]保罗·鲍尔斯,遮蔽的天空,2771,2018-9-5,江苏凤凰文艺出版社,7.9,B,D
533,160.00元,[法] 马塞尔·普鲁斯特 原著、斯泰凡·厄埃 绘,追寻逝去的时光·第一卷：去斯万家那边,1186,2018-1,后浪丨湖南美术出版社,9.3,A,E
534,30.00,侧侧轻寒,簪中录,7685,2015-1-1,江苏凤凰文艺出版社,7.9,B,C
535,32.00元,twentine,那个不为人知的故事,7547,2015-12,江苏文艺出版社,8.6,B,C
536,28.00,张爱玲,小团圆,44394,2009-4,北京十月文艺出版社,7.6,B,A
537,49.00元,[土耳其] 奥尔罕·帕慕克,我脑袋里的怪东西,3604,2016-2,上海人民出版社,8.6,B,D
538,26.00元,[美] 丹·布朗,达·芬奇密码,16748,2009-4,人民文学出版社,8.6,B,B
539,36.80元,狄戈,亿万斯年,811,2018-6,湖南文艺出版社,7.2,B,E
540,28.00元,[英] 阿瑟·克拉克,神的九十亿个名字,3899,2013-3,江苏文艺出版社,8.4,B,D
541,29.00元,迟子建,额尔古纳河右岸,9468,2005-12-1,北京十月文艺出版社,9.0,B,C
542,48.00,白先勇,台北人,4201,2015-1,广西师范大学出版社,9.1,A,D
543,46.8,[荷]荷曼·柯赫(Herman Koch),夏日尽处,96,2019-2,湖南文艺出版社,7.8,B,E
544,28.00元,[英] 詹姆斯·伍德,小说机杼,1223,2015-8-1,河南大学出版社,9.1,A,E
545,25.00元,顾漫,何以笙箫默,16507,2011-1,沈阳出版社,7.7,B,B
546,28.00元,(美)菲利普·迪克,仿生人会梦见电子羊吗？,5688,2013-9,译林出版社,8.7,B,C
547,22.00元,[英] 伊恩·麦克尤恩,最初的爱情 最后的仪式,29171,2010-2,南京大学出版社,8.0,B,B
548,28.00,钱钟书,围城,9130,2013-6,人民文学出版社,9.2,A,C
549,98.00元,[智利] 罗贝托·波拉尼奥,2666,3046,2012-1-1,上海人民出版社,8.7,B,D
550,96.00元,金庸,鹿鼎记,10084,1994-5,生活·读书·新知三联书店,9.0,B,C
551,28.80,当年明月,明朝那些事儿（伍）,33474,2008-3,中国友谊出版公司,8.8,B,A
552,32.00元,刘慈欣,2018,4020,2014-12-1,江苏凤凰文艺出版社,8.1,B,D
553,45.00,马曳,三万英尺,1440,2018-3-10,中信出版集团,8.3,B,E
554,39.00元,王小波,绿毛水怪,2033,2018-5-1,北京十月文艺出版社,9.0,B,D
555,29.80元,赵乾乾,致我们暖暖的小时光,1322,2017-4,江苏凤凰文艺出版社,6.0,C,E
556,34.80元,月下魂销,沫许辰光2,151,2018-4,江苏凤凰文艺出版社,8.5,B,E
557,45.00元,[日] 东野圭吾,圣女的救济,6759,2017-1-1,南海出版公司,7.7,B,C
558,28.00元,[日] 东野圭吾,单恋,19960,2010-10,南海出版公司,7.6,B,B
559,24.80,当年明月,明朝那些事儿（叁）,40168,2007-4,中国友谊出版公司,8.9,B,A
560,24.50元,[美国] 桑德拉·希斯内罗丝,芒果街上的小屋,46596,2006-6,译林出版社,7.8,B,A
561,32.00元,白先勇,纽约客,10953,2010-10,广西师范大学出版社,8.6,B,C
562,29.50,[日] 川端康成,千只鹤,6893,2013-9-15,南海出版公司,8.2,B,C
563,CNY 28.00,V.S.奈保尔 (V.S.Naipaul),米格尔街,5633,2013-7,南海出版公司,8.5,B,C
564,39.00元,[挪威] 尤·奈斯博,雪人,13901,2016-4,湖南文艺出版社,8.1,B,B
565,58.00元,[英] 格雷厄姆·格林,恋情的终结,7849,2017-4,江苏凤凰文艺出版社,8.0,B,C
566,26.00元,[阿根廷] 博尔赫斯,博尔赫斯小说集,8416,2005-12,浙江文艺出版社,9.2,A,C
567,USD 14.95,David Nicholls,One Day,2216,2011-5-24,Vintage,8.6,B,D
568,58.00元,[英]拉德克利夫·霍尔,寂寞之井,74,2019-3,四川文艺出版社,8.3,B,E
569,NTD310元,趙南柱,82年生的金智英,536,2018-5-3,漫遊者文化,8.5,B,E
570,26.00元,[意] 保罗·乔尔达诺,质数的孤独,17213,2011-3,上海译文出版社,8.0,B,B
571,23.00元,[奥] 斯台芬·茨威格,象棋的故事,6639,2007-7,上海译文出版社,9.0,B,C
572,7.80元,[美国] J. D. 塞林格,麦田里的守望者,57341,1997-2,译林出版社,7.9,B,A
573,76.80,金庸,倚天屠龙记,15054,1994年5月,生活·读书·新知三联书店,8.7,B,B
574,39,渡边淳一,情人,7577,2015-11-1,青岛出版社,7.3,B,C
575,26.00元,斯蒂芬•茨威格,一个陌生女人的来信,2398,2012-4-1,"时代出版传媒股份有限公司,安徽教育出版社",9.0,B,D
576,26.80元,原城,良辰多喜欢2,987,2015-9,江苏凤凰文艺出版社,6.8,C,E
577,99.00元,路遥,平凡的世界,12385,2013-5,北京十月文艺出版社,9.1,A,B
578,0.37元,鲁迅,彷徨,14965,1973年3月,人民文学出版社,8.9,B,B
579,28,王占黑,空响炮,852,2018-3,上海文艺出版社,8.0,B,E
580,35.00元,priest,有匪1,6826,2016-11,湖南文艺出版社,8.9,B,C
581,29.80元,法医秦明,尸语者,9214,2012-10,湖南文艺出版社,7.2,B,C
582,118.00元,[俄罗斯] 瓦西里·格罗斯曼,生活与命运,1187,2015-8-20,广西师范大学出版社,9.3,A,E
583,26.80元,天下霸唱,鬼吹灯Ⅱ之一·黄皮子坟,16868,2007-7,安徽文艺出版社,7.7,B,B
584,26.00元,[爱尔兰] 詹姆斯·乔伊斯,都柏林人,4316,2010-9,上海译文出版社,8.6,B,D
585,25.00元,[日] 芥川龙之介,罗生门,7902,2010-9,上海译文出版社,8.8,B,C
586,136.00元,刘天昭,无中生有,400,2018-10,理想国 | 上海三联书店,8.5,B,E
587,36.00元,杨绛,洗澡,2705,2004-1,人民文学出版社,8.4,B,D
588,19.90元,[俄]列夫·托尔斯泰,复活,17493,1979年03月,人民文学出版社,8.1,B,B
589,168.00,阿耐,大江东去,2828,2014-7-15,北京联合出版公司,9.0,B,D
590,25.00元,辛夷坞,致我们终将逝去的青春,86343,2007-8,朝华出版社,7.8,B,A
591,49.80元,书海沧生,昭奚旧草,5022,2015-4,百花洲文艺出版社,7.9,B,D
592,28.00元,（日）东野圭吾,流星之绊,29109,2010-3,南海出版公司,7.7,B,B
593,12.00元,[美] 弗·司各特·菲茨杰拉德,了不起的盖茨比,15110,2006-8,上海译文出版社,8.4,B,B
594,28.00元,[英] 石黑一雄,浮世画家,4329,2011-5-1,上海译文出版社,7.7,B,D
595,42.00元,蔡必贵,烧烤怪谈,251,2019-3,江苏凤凰文艺出版社,6.4,C,E
596,2.20元,[捷] 米兰·昆德拉,生命中不能承受之轻,9027,1987-9,作家出版社,8.7,B,C
597,28,刘慈欣,超新星纪元,9064,2009,重庆出版社,7.5,B,C
598,36.00元,Twentine,打火机与公主裙·荒草园,4281,2017-3,青岛出版社,8.4,B,D
599,32.80元,村井贞之,夏目友人帐,2224,2016-9-1,百花洲文艺出版社,7.4,B,D
600,695.00元,天蚕土豆,斗破苍穹,3042,2010-7,湖北少儿出版社,6.3,C,D
601,45.00,[美]库尔特·冯内古特,五号屠场,428,2018-7,译林出版社,8.9,B,E
602,18.00元,曹文轩,青铜葵花,4971,2005-4,江苏少年儿童出版社,8.7,B,D
603,13.00元,[日] 村上春树,东京奇谭集,17975,2006-7,上海译文出版社,8.0,B,B
604,29.00元,[土耳其] 奥尔罕·帕慕克,我的名字叫红,23826,2006-8,上海人民出版社,7.9,B,B
605,25.00元,史铁生,我与地坛,32176,2002-5,春风文艺出版社,9.0,B,A
606,198.00,[美]H.P.洛夫克拉夫特、[英]莱斯·爱德华兹（绘）,死灵之书,845,2018-7,北京时代华文书局,8.4,B,E
607,,淮上,破云,566,,,8.3,B,E
608,39.8,里灰,你是这世界，写给我的情书,114,2018-9-1,湖南文艺出版社,8.4,B,E
609,38.00元,阿来,尘埃落定,1924,2013-4,人民文学出版社,8.8,B,E
610,42.00元,[日] 是枝裕和,比海更深,2490,2018-4,北京联合出版公司,8.2,B,D
611,20.00元,毕飞宇,推拿,6665,2008-9,人民文学出版社,8.1,B,C
612,49.00元,紫金陈,无证之罪,7779,2018-6,湖南人民出版社,7.3,B,C
613,39.80元,[日]东野圭吾,假面饭店,5604,2016-8,南海出版公司,7.1,B,C
614,59.00元,[美] 丹·布朗,本源,3084,2018-5,99读书人|人民文学出版社,7.0,C,D
615,22.00元,七堇年,大地之灯,34136,2007-1,长江文艺出版社,8.2,B,A
616,68.00元,[俄] 列夫·托尔斯泰,战争与和平（全四册）,3496,2007-8-1,上海文艺出版社,9.3,A,D
617,35.00元,[英]毛姆,月亮与六便士,3398,2016-4,南海出版公司,8.9,B,D
618,49.00元,[英] 石黑一雄,莫失莫忘,934,2018-6,上海译文出版社,8.7,B,E
619,25.00元,〔日〕东野圭吾,从前我死去的家,9625,2013-7-1,南海出版公司,7.6,B,C
620,39.80元,霍达,穆斯林的葬礼,2806,2012-12,北京十月文艺出版社,8.1,B,D
621,22.00元,罗广斌、杨益言,红岩,4693,2000-07,中国青年出版社,7.6,B,D
622,49.8,盖尔·霍尼曼,艾莉诺好极了,542,2018-10,未读·文艺家·北京联合出版社公司,8.4,B,E
623,88.00元,曹雪芹,红楼梦,1329,2016-11-1,三秦出版社,9.7,A,E
624,5.70元,（清）沈复,浮生六记,29717,1999-1,人民文学出版社,8.9,B,B
625,32.00元,[英]阿瑟·克拉克（Arthur C. Clarke）,2001：太空漫游,2090,2014-5-1,上海人民出版社,9.3,A,D
626,32.00元,[英] 玛琳娜·柳薇卡,乌克兰拖拉机简史,5839,2011-12,吉林出版集团,7.6,B,C
627,29.00元,米兰·昆德拉,不能承受的生命之轻,23287,2010-8,上海译文出版社,8.8,B,B
628,98.00元,安·兰德,阿特拉斯耸耸肩（上下）,3564,2007-10,重庆出版社,8.6,B,D
629,45.00,[美] 雷·布拉德伯里,华氏451,2072,2017-7,上海译文出版社,8.4,B,D
630,25.00元,路遥,人生,4478,2012-3-1,北京十月文艺出版社,8.6,B,D
631,48.00元,[法] 莱蒂西娅·科隆巴尼,辫子,81,2019-2,人民文学出版社,8.5,B,E
632,65,[英] 萨拉·沃特斯,指匠,1964,2017-9,上海人民出版社,8.9,B,D
633,76.80元,金庸,射雕英雄传,15884,1994年5月,生活·读书·新知三联书店,9.0,B,B
634,7.00元,[英] 莎士比亚,哈姆莱特,23837,2001-1,人民文学出版社,8.5,B,B
635,10.80元,[苏] 高尔基,童年,12146,2002-01,人民文学出版社,7.7,B,B
636,22.00,[阿根廷] 胡里奥·科塔萨尔,万火归一,4284,2009-6,人民文学出版社,8.7,B,D
637,29.80元,江南,龙族Ⅲ,6071,2013-7,长江出版社,7.7,B,C
638,28.00元,天下霸唱,鬼吹灯Ⅱ之三·怒晴湘西,12768,2007-12,安徽文艺出版社,7.9,B,B
639,28,[英] 奥尔德斯·赫胥黎,美丽新世界,1902,2017-1-31,上海译文出版社,9.1,A,E
640,18.00,刘震云,一地鸡毛,9682,2004-03,长江文艺出版社,8.1,B,C
641,42.00,阎连科,速求共眠,312,2019-1,理想国丨百花洲文艺出版社,7.3,B,E
642,36.00,李诞,宇宙超度指南,6682,2017-11-1,四川文艺出版社,6.9,C,C
643,15.00元,[加] 露西·莫德·蒙哥玛利,绿山墙的安妮,6136,2003-01,浙江文艺出版社,9.1,A,C
644,59.00元,[美] 芭芭拉·金索沃,毒木圣经,2679,2017-3,南海出版公司,8.6,B,D
645,37.00元,米兰·昆德拉,不能承受的生命之轻,7053,2011-7-30,上海译文出版社,8.9,B,C
646,11.00元,[美] 梭罗,瓦尔登湖,35370,2006-8,上海译文出版社,8.4,B,A
647,13.00元,[英] 威廉·戈尔丁,蝇王,7849,2006-8,上海译文出版社,8.3,B,C
648,18.00元,王小波、李银河,爱你就像爱生命,56835,2008-5,上海锦绣文章出版社,8.8,B,A
649,30.00元,[美]赫尔曼·麦尔维尔,白鲸,2233,2007-7,上海译文出版社,8.1,B,D
650,32.00元,唐七公子,三生三世 枕上书,19077,2012-6-1,湖南文艺出版社,7.6,B,B
651,2019-3-1,[美]冯达·N.麦金泰尔,太阳王与海妖,176,天地出版社,王金,8.5,B,E
652,45.00元,[日] 东野圭吾,危险的维纳斯,1871,2019-1,北京联合出版公司,6.1,C,E
653,35.00,[哥伦比亚] 加西亚·马尔克斯,爱情和其他魔鬼,5563,2016-1,南海出版公司,8.7,B,C
654,15.00,（美）路易莎・梅・奥尔科特,小妇人,12888,2004-01,译林出版社,8.4,B,B
655,36.00元,[美国] 罗伯特·麦卡蒙,奇风岁月,4984,2011-5,译林出版社,8.8,B,D
656,20.00元,刘慈欣,带上她的眼睛,6991,2004-10,上海科学普及出版社,8.6,B,C
657,48,【美】玛利亚・森普尔,今天将会不一样,39,2019-4-5,中国友谊出版社,7.4,B,E
658,26.80元,南派三叔,盗墓笔记3,34388,2007-11,中国友谊出版公司,8.4,B,A
659,89.00元,紫式部,源氏物语（全四册）,2990,2011-7,译林出版社,8.4,B,D
660,364.00元,唐家三少,斗罗大陆（全14卷）,9134,2009-7,太白文艺出版社,7.2,B,C
661,89,白丁,云球（第一部）,365,2019-1,四川科学技术出版社,7.3,B,E
662,29.80元,郭敬明,小时代1.0折纸时代,65717,2008-10,长江文艺出版社,6.5,C,A
663,39.50元,[美] 雷蒙德·钱德勒,漫长的告别,5452,2013-7,南海出版公司,8.3,B,C
664,23.8,刘慈欣,朝闻道,1379,2018-1,江苏凤凰文艺出版社,8.6,B,E
665,49.00,笛安,景恒街,1993,2019-1,北京十月文艺出版社,5.9,C,D
666,88.00,[日] 贵志祐介,来自新世界 （上下）,5383,2014-4,上海译文出版社,9.1,A,C
667,68.00元,[阿根廷] 胡利奥·科塔萨尔,南方高速,2247,2017-9,南海出版公司,8.9,B,D
668,29.90元,[西] 卡洛斯·鲁依斯·萨丰,风之影,9475,2006-10,人民文学出版社,8.6,B,C
669,169.00元,[英] J.R.R.托尔金,魔戒,2588,2013-9,上海人民出版社,9.5,A,D
670,22.00元,(捷克) 赫拉巴尔,过于喧嚣的孤独,8753,2011-10,北京十月文艺出版社,8.8,B,C
671,68.00元,[美] 弗兰克·赫伯特,沙丘,5279,2017-2-1,江苏凤凰文艺出版社,7.8,B,C
672,48.00元,[英] 威廉·萨默塞特·毛姆,月亮和六便士,7656,2016-1-20,天津人民出版社,8.7,B,C
673,25.00元,电线,香蜜沉沉烬如霜,14072,2009-7,江苏文艺出版社,7.5,B,B
674,48.00元,七名,天涯双探,1275,2019-1,上海文艺出版社,7.1,B,E
675,18.80元,[日] 村上春树,寻羊冒险记,22023,2001-8,上海译文出版社,8.1,B,B
676,18.00元,[俄] 尤金·扎米亚金,我们,5132,2005-10,江苏人民出版社,7.9,B,C
677,20.00,吴敬梓,儒林外史,5011,2002-1-1,人民文学出版社,8.3,B,D
678,19.90元,韩寒,一座城池,56196,2006-1,二十一世纪出版社,7.4,B,A
679,23.80元,玄色,哑舍,5156,2011-4,长江出版社,7.4,B,C
680,20.00元,[法]福楼拜,包法利夫人,1943,2011-5-1,上海译文出版社,8.9,B,D
681,80.00元,（英）阿瑟・柯南道尔,福尔摩斯探案全集,4430,2003-1,中国电影出版社,9.4,A,D
682,28.00元,[美] 杰夫·范德米尔,遗落的南境1：湮灭,4718,2015-12,天地出版社,7.5,B,D
683,45.00,[美] 厄休拉·勒古恩,黑暗的左手,1191,2017-12,北京联合出版公司,8.4,B,E
684,29.50元,李碧华,霸王别姬,5689,2013-10,新星出版社,9.1,A,C
685,99.00,(美)安·兰德,源泉,2744,2013-6-1,重庆出版社,9.1,A,D
686,25.00元,加西亚·马尔克斯,苦妓回忆录,7927,2015-3-1,南海出版公司,7.8,B,C
687,32.80元,原城大总裁,余生多关照,469,2017-4,百花洲文艺出版社,5.2,C,E
688,5.60,(法)巴尔扎克,高老头,11313,1989-09-01,人民文学出版社,8.0,B,C
689,11.00元,[英] 奥斯丁,傲慢与偏见,29161,1996-12,上海译文出版社,9.0,B,B
690,18.00,（英）乔治·奥威尔,动物庄园,20277,2000-08,上海人民出版社,9.1,A,B
691,35.00,[匈] 马洛伊·山多尔,烛烬,3759,2015-11,译林出版社,8.6,B,D
692,25.00元,[法]杜拉斯,情人,9257,2009-8-1,上海译文出版社,7.8,B,C
693,28.00元,[日] 东野圭吾,谁杀了她,9628,2012-10,南海出版公司,7.5,B,C
694,28.80,当年明月,明朝那些事儿（陆）,28253,2008-11,中国海关出版社,8.8,B,B
695,49.80元,[美] 安·兰德,源泉,6118,2005-11,重庆出版社,9.0,B,C
696,32.00元,[日] 东野圭吾,湖畔,7753,2016-1,化学工业出版社,7.3,B,C
697,35.00元,[哥伦比亚] 加西亚·马尔克斯,世上最美的溺水者,6118,2015-11-1,南海出版公司,8.8,B,C
698,59.00,[日]村上春树,海边的卡夫卡,507,2018-8,上海译文出版社,8.0,B,E
699,19.80元,茅盾,子夜,4209,2002-1,人民文学出版社,7.2,B,D
700,16.00元,幾米,向左走·向右走,87128,2002-8,生活·读书·新知三联书店,8.4,B,A
701,26.00元,张北海,侠隐,6827,2007-5-1,世纪文景,7.9,B,C
702,78.00,[法] 大仲马,基督山伯爵（上下）,3048,2013-9,译林出版社,9.2,A,D
703,26.00元,李可,杜拉拉升职记,91343,2007-9,陕西师范大学出版社,7.8,B,A
704,35.00,麦家,解密,1816,2014-4-1,北京十月文艺出版社,7.8,B,E
705,49.8元,[英] 乔乔·莫伊斯（Jojo Moyes）,遇见你之前,321,2019-1-1,广西科学技术出版社,8.6,B,E
706,49.00,[美]约翰·迪克森·卡尔,三口棺材,253,2019-3,新星出版社,8.3,B,E
707,25.00元,严歌苓,第九个寡妇,11653,2006-3,作家出版社,8.6,B,B
708,36元,苏清绾,有鹤鸣夏3,101,2018-6,江苏凤凰文艺出版社,,,E
709,CNY 35.00,郝景芳,孤独深处,9025,2016-8-1,江苏凤凰文艺出版社,6.4,C,C
710,11.00元,斯威夫特,格列佛游记,4301,2006-8,上海译文出版社,7.8,B,D
711,49.80,石一枫,她和她妈的斗争史,492,2019-3-1,百花洲文艺出版社,6.6,C,E
712,18.00,[墨西哥]胡安·鲁尔福,佩德罗·巴拉莫,2459,2007-10,译林出版社,8.9,B,D
713,45.00,[日]西川美和,摇摆,67,2019-3,北京十月文艺出版社,8.6,B,E
714,13.00元,严歌苓,扶桑,7030,1998-10-1,春风文艺出版社,8.1,B,C
715,25.00元,老舍,骆驼祥子,4424,2010-3-1,南海出版公司,9.0,B,D
716,16.00元,[英] 道格拉斯·亚当斯,银河系漫游指南,15801,2005-6,四川科学技术出版社,8.8,B,B
717,25.00元,辛夷坞,原来你还在这里,41671,2007-10,朝华出版社,7.6,B,A
718,30.00元,白先勇,一把青,880,2009-5,江苏文艺出版社,8.7,B,E
719,20.00元,明晓溪,会有天使替我爱你,46124,2005-5,新世界出版社,6.6,C,A
720,28.00元,[英] 阿瑟·克拉克,2001太空漫游,4842,2007-11,上海人民出版社,9.1,A,D
721,39.5,余华,第七天,851,2018-8,新星出版社,7.5,B,E
722,58.00元,[加拿大] 扬·马特尔,葡萄牙的高山,3808,2017-11-1,北京联合出版公司,8.5,B,D
723,42.80,文德琳·范·德拉安南,怦然心动,1516,2016-12-1,百花洲文艺出版社,9.3,A,E
724,24.80,当年明月,明朝那些事儿（肆）,36690,2007-9,中国友谊出版公司,8.8,B,A
725,39.80元,尾鱼,七根凶简,4213,2017-7,中国友谊出版公司,8.1,B,D
726,CNY 32.00,Priest,大哥,4283,2016-3-1,上海人民美术出版社,8.6,B,D
727,23.00元,郭敬明,幻城,20478,2008-4,长江文艺出版社,7.4,B,B
728,29.80元,沈从文,边城,8732,2008-07,北京十月文艺出版社,8.9,B,C
729,25.00元,杰克·伦敦,野性的呼唤,8635,2006-8,上海译文出版社,8.8,B,C
730,18.00元,[法] 安德烈·纪德,窄门,6048,2010-04,上海译文出版社,8.1,B,C
731,22.00元,[日]东野圭吾,变身,22599,2009-07-01,南海出版社,7.1,B,B
732,35.00元,[日] 东野圭吾,浪花少年侦探团,3118,2017-3,南海出版公司,6.9,C,D
733,65.00,[日] 谷崎润一郎,细雪,1006,2017-6,译林出版社,9.0,B,E
734,35,沈从文,边城,3427,2013-9-1,武汉出版社,8.6,B,D
735,78.00元,[美] 盖伊·特立斯,邻人之妻,2454,2018-7,上海人民出版社,8.3,B,D
736,34.00元,杨显惠,夹边沟记事,20160,2008-09,花城出版社,9.2,A,B
737,19.00元,[美] 米奇·阿尔博姆,相约星期二,20667,2007-7,上海译文出版社,8.4,B,B
738,19.50元,薄迦丘,十日谈,7612,1994-7-1,江苏译林,7.4,B,C
739,27.00元,莫言,蛙,15953,2009-12,上海文艺出版社,7.9,B,B
740,25.00元,(日)东野圭吾,红手指,13042,2011-10,南海出版公司,7.8,B,B
741,26.80元,刘慈欣,微纪元,3098,2010-4,沈阳出版社,8.4,B,D
742,46.00元,[俄] 列夫·托尔斯泰,伊凡·伊里奇之死,832,2017-10,东方出版社,9.1,A,E
743,15.80元,三毛,哭泣的骆驼,36167,2003-6,哈尔滨出版社,8.9,B,A
744,29.00元,[英]S.J.沃森,别相信任何人,21688,2011-10,中信出版社,6.8,C,B
745,88.00元,[俄] 托尔斯泰,战争与和平,535,2015-4,人民文学出版社,9.4,A,E
746,120.00元,[美]乔治·R.R.马丁,冰与火之歌·卷一·权力的游戏（全三册）,6407,2012-1-1,重庆出版社,9.4,A,C
747,18.60元,钱钟书,围城,26347,2002-5,生活·读书·新知三联书店,9.0,B,B
748,36.00元,[英] 威廉·萨默塞特·毛姆,毛姆短篇小说精选集,6686,2012-11,译林出版社,9.1,A,C
749,39.80,[英] 威廉·萨默塞特·毛姆,刀锋,2495,2016-12,猫头鹰文化·浙江文艺出版社,9.0,B,D
750,68.00元,[俄]陀思妥耶夫斯基,罪与罚,175,2019-2,浙江文艺出版社,9.5,A,E
751,42,程姬,像火焰像灰烬,188,2019-1,四川文艺出版社,8.5,B,E
752,NT330元,墨香銅臭,魔道祖師 二,1448,2016-12-8,平心工作室,8.2,B,E
753,35.00元,[日] 伊坂幸太郎,金色梦乡,15444,2010-9,译林出版社,9.0,B,B
754,48.00,[以色列] 阿摩司·奥兹,爱与黑暗的故事,1188,2014-3,译林出版社,9.0,B,E
755,49.80,[日]伊坂幸太郎,再见，黑鸟,509,2019-4,上海文化出版社,7.5,B,E
756,45.00元,葛亮,北鸢,8528,2016-10-1,人民文学出版社,7.9,B,C
757,29.80元,当年明月,明朝那些事儿（柒）,28081,2009-4,中国海关出版社,8.9,B,B
758,19.80,夏目漱石,心,6504,2005-05-01,青岛出版社,8.7,B,C
759,39.50,[哥伦比亚] 加西亚·马尔克斯,族长的秋天,3256,2014-6,南海出版公司,8.7,B,D
760,46.00,克莱儿·麦克福尔,摆渡人3无境之爱,153,2019-4-1,百花洲文艺出版社,5.8,C,E
761,36.00,[日] 京极夏彦,姑获鸟之夏,18363,2008-8,上海人民出版社,8.0,B,B
762,32.00元,[德]赫尔曼·黑塞,悉达多,3082,2017-1,天津人民出版社,9.3,A,D
763,36.00元,black.f,鸵鸟小姐与狐狸先生,1003,2018-11,浙江文艺出版社,8.4,B,E
764,32.80元,南派三叔,盗墓笔记4,31925,2008-11,中国友谊出版公司,8.4,B,A
765,96.00元,[俄] 亚历山大·索尔仁尼琴,古拉格群岛（上中下）,1647,1996-12,群众出版社,9.2,A,E
766,42.00元,[日] 宫部美雪( 宮部 みゆき),寂寞猎人,162,2019-2,百花洲文艺出版社,7.4,B,E
767,29.00元,[英]乔治·奥威尔,一九八四,11228,2009-7,上海译文出版社,9.4,A,C
768,20.00元,[俄]陀思妥耶夫斯基,白痴,4694,2006-8,上海译文出版社,8.9,B,D
769,49.00元,[美] 约翰·威廉斯,屠夫十字镇,1823,2016-7,上海人民出版社,8.4,B,E
770,39.00元,[土耳其] 奥尔罕·帕慕克,我的名字叫红,1486,2016-2,上海人民出版社,8.6,B,E
771,19.90元,今何在,悟空传,11234,2006-1,二十一世纪出版社,8.5,B,C
772,32.00元,弗朗西斯•司各特•菲兹杰拉德 (Francis Scott Fitzgerald),了不起的盖茨比,4555,2013-1,天津人民出版社,6.9,C,D
773,0.72元,老舍,离婚,2698,1981-9-1,人民文学出版社,9.0,B,D
774,60.00元,[美]本·布拉特,纳博科夫最喜欢的词,82,2019-4,低音·北京联合出版公司,7.8,B,E
775,35.00元,[日] 村上春树,没有女人的男人们,8565,2015-2,上海译文出版社,7.7,B,C
776,55.00,[日]  吉田修一,横道世之介,1588,2018-6,上海人民出版社,8.5,B,E
777,46.00元,[法]米兰·昆德拉,不能承受的生命之轻,2411,2014-6,上海译文出版社,9.1,A,D
778,59.00元,[法] 皮耶尔·勒迈特,必须找到阿历克斯,3050,2018-2-5,文汇出版社,7.5,B,D
779,CNY 39.50,东野圭吾,彷徨之刃,6657,2015-4-1,南海出版公司,7.9,B,C
780,45.00,丁墨,他来了，请闭眼,12274,2014-7-1,百花洲文艺出版社,7.1,B,B
781,45.00元,法医秦明,天谴者,1641,2018-11,江苏凤凰文艺出版社,7.2,B,E
782,36.00元,[爱尔兰] 凯特·汤普森,寻找时间的人,1537,2017-3,江苏凤凰文艺出版社,7.3,B,E
783,49.8,[美] 珍妮弗·伊根,时间里的痴人,37,2019-3,博集天卷 | 湖南文艺出版社,8.6,B,E
784,20.00元,[波] 斯坦尼斯拉夫·莱姆,索拉里斯星,1859,2005-10,商务印书馆,8.8,B,E
785,27.00元,余华,兄弟（下）,40630,2006-3,上海文艺出版社,7.4,B,A
786,60.00元,[波] 奥尔加·托卡尔丘克,白天的房子，夜晚的房子,1206,2017-12,四川人民出版社,8.5,B,E
787,42.00,刘同,我在未来等你,3132,2017-9,北京联合出版公司,7.0,C,D
788,88.00元,施耐庵、罗贯中,水浒传,1412,2009-06,中华书局,9.1,A,E
789,20.00元,李敖,北京法源寺,9119,2004-08,中国友谊出版社,8.4,B,C
790,89.90元,[美]约翰·欧文,苹果酒屋的规则,2185,2018-6,江苏凤凰文艺出版社,8.6,B,D
791,52.00,[美]加·泽文,太年轻,2559,2018-5,江苏凤凰文艺出版社,8.2,B,D
792,42,[意]普里莫·莱维,缓刑时刻,128,2019-1,中信出版集团,8.8,B,E
793,39.80,天下霸唱,鬼吹灯Ⅱ之四巫峡棺山,11909,2008-4,安徽文艺出版社,8.0,B,B
794,28,〔苏〕鲍里斯·帕斯捷尔纳克,日瓦戈医生,3328,2006-1-1,人民文学出版社,8.6,B,D
795,58.00元,未再,只为遇见你,47,2019-2,江苏凤凰文艺出版社,8.4,B,E
796,16.00,（英）阿兰·德波顿,爱情笔记,8927,2004-04-01,上海译文出版社,8.2,B,C
797,36,[英] D. H. 劳伦斯,查泰莱夫人的情人,1398,2014-6,译林出版社,8.4,B,E
798,45,[爱尔兰]利兹·纽金特 (Liz Nugent),只有他知道一切,289,2019-1,湖南文艺出版社,8.1,B,E
799,26.00元,（日）西泽保彦,死了七次的男人,5060,2011-9,新星出版社,8.1,B,C
800,59.00元,白先勇,孽子,2049,2014-11,广西师范大学出版社,9.0,B,D
801,,Priest,六爻,3264,1900,？,8.6,B,D
802,35.00元,[哥伦比亚] 加西亚·马尔克斯,梦中的欢快葬礼和十二个异乡故事,4383,2015-5-1,南海出版公司,8.7,B,D
803,29.50元,[日] 村上春树 著、[德] 卡特·曼施克 图,眠,13290,2013-4,南海出版公司,7.6,B,B
804,28.00元,(英)阿加莎·克里斯蒂,斯泰尔斯庄园奇案,3324,2013-3,新星出版社,7.8,B,D
805,39.00元,(美)丹·布朗,地狱,8142,2013-12,人民文学出版社,7.4,B,C
806,78.00元,米兰Lady,孤城闭,635,2018-5,江苏凤凰文艺出版社,8.9,B,E
807,25.00元,[澳] 马克斯·苏萨克,偷书贼,26165,2007-8,南海出版公司,8.0,B,B
808,58.00元,[美] 比尔·布龙,夜袭动物园,26,2019-3,未读·文艺家  北京联合出版公司,8.7,B,E
809,38.00,[美] 安迪·威尔,火星救援,10451,2015-10-1,译林出版社,8.9,B,C
810,8.80,巴尔扎克(法),欧也妮·葛朗台,28083,2000-5-1,人民文学出版社,7.8,B,B
811,76.00元,甘耀明,邦查女孩,443,2018-11,后浪丨文化发展出版社,9.3,A,E
812,36.00,[日] 大山诚一郎,密室收藏家,1377,2017-11,江苏凤凰文艺出版社,8.0,B,E
813,35.00元,桐华,长相思,8911,2013-2,湖南文艺出版社,8.1,B,C
814,59.00元,[德] 雷马克,爱与死的年代,24,2019-3,上海人民出版社,8.9,B,
815,JPY 616,西野花,陰獣たちの贄,107,2015-7-25,徳間書店,,,E
816,32.80元,南派三叔,盗墓笔记8·大结局（上）,18808,2011-12,上海文化出版社,8.0,B,B
817,60.00元,[奥] 卡夫卡,卡夫卡小说全集（全三册）,5225,2003-08,人民文学出版社,9.0,B,C
818,NTD 330,墨香銅臭,天官賜福 一,1485,2017-12,平心出版,7.3,B,E
819,28.00元,天下霸唱,鬼吹灯Ⅱ之二·南海归墟,13545,2007-10,安徽文艺出版社,7.6,B,B
820,24.80元,刘慈欣,中国太阳,1264,2014-1-1,辽宁少年儿童出版社,8.4,B,E
821,28.00元,[美]海明威,乞力马扎罗的雪,5407,2006-8,上海译文出版社,8.5,B,C
822,32.00元,叶广芩,采桑子,3728,2009-1,北京出版社,9.0,B,D
823,28.00元,三浦紫苑,编舟记,3956,2015-3,上海文艺出版社,8.5,B,D
824,92.00元,[法] 克里斯多夫·夏布特,树下长椅,151,2019-5,后浪丨湖南美术出版社,9.0,B,E
825,25.00元,阿城,阿城精选集,5205,2011-3,北京燕山出版社,9.1,A,C
826,158.00元,[英] 肯·福莱特,永恒火焰,264,2019-1,江苏凤凰文艺出版社,7.3,B,E
827,29.90元,阿耐,民企江湖,829,2013-4,河南文艺出版社,8.8,B,E
828,25.00,(日)夏目漱石,草枕,1733,2014-6,上海译文出版社,8.7,B,E
829,22.00元,[英] 安东尼·伯吉斯,发条橙,9158,2011-7,译林出版社,8.0,B,C
830,39.80元,东奔西顾,以你为名的小时光,117,2018-10,百花洲文艺出版社,7.6,B,E
831,21.00元,[美] 艾萨克·阿西莫夫,基地,12330,2005-1,天地出版社,9.2,A,B
832,34.80元,月下魂销,沫许辰光,108,2017-12,江苏凤凰文艺出版社,7.1,B,E
833,49.80元,有时右逝,吴承恩捉妖记 上,175,2019-2-28,北京联合出版公司,7.2,B,E
834,16.00元,李碧华,青蛇,13414,2005-1,天津人民出版社,8.4,B,B
835,26.00元,桐华,曾许诺,12844,2011-1,湖南文艺出版社,8.0,B,B
836,42.80元,郭沛文,冷雨,406,2019-1,中信出版集团,7.7,B,E
837,26.80元,南派三叔,盗墓笔记2,38739,2007-4,中国友谊出版公司,8.2,B,A
838,39.80元,[日] 东野圭吾,假面前夜,4069,2016-4,南海出版公司,6.7,C,D
839,49.00元,[英] 珍妮特·温特森,橘子不是唯一的水果,2129,2018-3,北京联合出版公司,7.5,B,D
840,45.00元,赫尔曼·麦尔维尔,阳台故事集,98,2019-1,漓江出版社,8.5,B,E
841,28.00元,(日)东野圭吾,沉睡的森林,7002,2012-10,南海出版公司,6.9,C,C
842,15.00,（日）三岛由纪夫,潮骚,8267,2009-1,上海译文出版社,8.2,B,C
843,23.80元,"（美）斯托夫人（Stowe,H.B.）",汤姆叔叔的小屋,7024,2006-6,译林出版社,8.3,B,C
844,28.00元,(美)雷·布拉德伯里,华氏451,2928,2012-10,上海译文出版社,8.2,B,D
845,28.00元,（日）岛田庄司,占星术杀人魔法,5308,2012-5,新星出版社,8.4,B,C
846,36,[日] 石田衣良,孤独小说家,10691,2016-4-1,北京联合出版公司,7.1,B,C
847,168.00元,宫部美雪,所罗门的伪证,3327,2014-9,江苏凤凰文艺出版社,8.1,B,D
848,26.00,玄隐,沥川往事,14663,2009-4,黄山书社,7.6,B,B
849,28.00元,（日）江户川乱步,人间椅子,3493,2011-7,新星出版社,8.2,B,D
850,28.00元,李碧华,饺子,3713,2013-10,新星出版社,8.0,B,D
851,27.00元,[英] 石黑一雄,小夜曲,4793,2011-4,上海译文出版社,7.9,B,D
852,26.00元,[英]狄更斯,远大前程,946,2011-5-1,上海译文出版社,8.8,B,E
853,36.00元,李碧华,青蛇,3620,2013-10,新星出版社,8.0,B,D
854,42.00元,尾鱼,西出玉门 上,968,2018-10,敦煌文艺出版社,8.9,B,E
855,32.00元,[英] 奥斯卡·王尔德,道林·格雷的画像,3315,2017-1-1,浙江文艺出版社,8.9,B,D
856,18.00元,(英) 艾米莉·勃朗特,呼啸山庄,2758,2010-8-1,译林出版社,8.6,B,D
857,39.00,【英】 毛姆,月亮和六便士,2888,2014-6,上海译文出版社,9.0,B,D
858,48.00,苏童,我的帝王生涯,101,2019-2-20,浙江人民出版社,8.3,B,E
859,34.80元,[波兰] 安德烈·斯帕克沃斯基,猎魔人1：白狼崛起,2091,2015-1-1,重庆出版社,8.6,B,D
860,36.00元,[英] J.R.R.托尔金,霍比特人,5356,2013-1,上海人民出版社,8.6,B,C
861,138.00元,马伯庸,古董局中局 大全集,1700,2015-12,北京联合出版公司,7.7,B,E
862,25.00元,[英] 乔治·奥威尔,1984,19292,2010-10,万卷出版公司,9.4,A,B
863,25.00元,(德) 黑塞,荒原狼,4512,2010年8月1日,上海译文出版社,9.0,B,D
864,23.00,[德]赫尔曼·黑塞,纳尔齐斯与歌尔德蒙,3358,2007-7,上海译文出版社,9.2,A,D
865,15.00元,[俄]陀思妥耶夫斯基,地下室手记,3012,2012-5,漓江出版社,9.1,A,D
866,35.00元,王朔,我是你爸爸,1326,2015-3,北京十月文艺出版社,8.5,B,E
867,128.00元,[法] 克里斯多夫·夏布特,灯塔,5510,2016-2,北京联合出版公司·后浪出版公司,9.1,A,C
868,,金庸,白马啸西风,18005,,,7.6,B,B
869,16.00元,韩寒,像少年啦飞驰,38207,2002-1,作家出版社,7.3,B,A
870,26.00,(阿根廷)博尔赫斯,沙之书,3266,2015-7,上海译文出版社,9.0,B,D
871,CNY 25.00,太宰治,人间失格,2955,2016-1-1,浙江文艺出版社,7.6,B,D
872,32.80元,赵熙之,夜旅人,2854,2016-9,百花洲文艺出版社,8.5,B,D
873,29.00元,[英] 柏瑞尔·马卡姆,夜航西飞,6146,2010-12,人民文学出版社,8.8,B,C
874,32.80元,南派三叔,藏海花,12003,2012-8,北京联合出版公司,8.1,B,B
875,49.90元,[日] 东野圭吾,第十年的情人节,2165,2017-10,人民文学出版社,6.7,C,D
876,18.00元,沈石溪,狼王梦,2619,2009-10,浙江少年儿童出版社,8.4,B,D
877,58.00,[澳] 格里高利·大卫·罗伯兹,项塔兰,4299,2009-4,华文出版社,9.0,B,D
878,28.00元,今何在,悟空传,22099,2011-6,湖南文艺出版社,8.2,B,B
879,28.80元,八月长安,橘生淮南·暗恋,12057,2011-8-30,吉林出版集团有限责任公司,8.1,B,B
880,128,红猪侠,庆熹纪事,770,2018-3-1,浙江文艺出版社,8.8,B,E
881,32.80元,南派三叔,盗墓笔记7,26277,2010-9,时代文艺出版社,8.4,B,B
882,42.00元,王安忆,考工记,509,2018-9,花城出版社,7.9,B,E
883,32.00元,[日] 三浦紫苑,假如岁月足够长,2609,2017-3,北京联合出版公司,8.2,B,D
884,26.80元,郭敬明,夏至未至,17263,2010-4,长江文艺出版社,7.6,B,B
885,19.00元,老舍,月牙儿,4185,2006-12-1,江苏文艺出版社,8.7,B,D
886,42.00,[英] 尼尔·盖曼,北欧众神,2250,2018-9,江苏凤凰文艺出版社,7.4,B,D
887,GBP 8.00,Andre Aciman,Call Me by Your Name,2174,2017-10-3,Macmillan USA,9.1,A,D
888,29.80元,[英] 威廉·萨默塞特·毛姆,寻欢作乐,6584,2013-2,译林出版社,8.4,B,C
889,32.80元,南派三叔,盗墓笔记8·大结局（下）,23206,2011-12,上海文化出版社,7.7,B,B
890,39.50元,[哥伦比亚] 加西亚·马尔克斯,迷宫中的将军,2822,2014-11,南海出版公司,8.7,B,D
891,20.00元,[德] 托马斯·曼,死于威尼斯,3632,2010-5,上海译文出版社,8.3,B,D
892,59.90,[美] 保罗·巴奇加卢皮,水刀子,36,2019-4-1,文汇出版社,8.1,B,E
893,48.00元,七名,天涯双探2,281,2019-3-1,上海文艺出版社,7.3,B,E
894,58.00元,金醉,北洋夜行记,2176,2017-11,长江文艺出版社,7.8,B,D
895,25.00,[法] 玛格丽特·杜拉斯,情人,2778,2014-5-1,上海译文出版社,7.5,B,D
896,13.90,伏尼契(爱尔兰),牛虻,14124,1953-07,中国青年出版社,8.2,B,B
897,36.00元,[美] 加·泽文,玛格丽特小镇,6781,2016-6-1,江苏凤凰文艺出版社,7.2,B,C
898,19.80元,（日）东野圭吾,嫌疑人X的献身,42989,2009年11月,南海出版公司,9.0,B,A
899,39.80,高铭,天才在左 疯子在右（完整版）,33534,2016-1-1,北京联合出版公司,7.3,B,A
900,25.00元,村上春树,世界尽头与冷酷仙境,11895,2007-7,上海译文出版社,8.8,B,B
901,28.00元,[日] 东野圭吾,恶意,20628,2013-1-1,南海出版公司,8.5,B,B
902,35.00元,[意大利] 伊塔洛·卡尔维诺,如果在冬夜，一个旅人,4051,2012-4,译林出版社,8.9,B,D
903,29.00,[美] 埃勒里·奎因,X的悲剧,12316,2009-1,新星出版社,8.4,B,B
904,NT$300,安德列．艾席蒙,以你的名字呼喚我,1445,2018-1-4,麥田,9.0,B,E
905,49.00,[日]北野武,返朴,30,2019-4,湖南文艺出版社,7.8,B,E
906,29.00,严歌苓,小姨多鹤,1238,2016-8-1,作家出版社,8.9,B,E
907,42.00元,[英]弗雷德·乌尔曼,重逢,39,2019-4,理想国丨广西师范大学出版社,8.8,B,E
908,16.00元,莫泊桑,漂亮朋友,2413,2006-8,上海译文出版社,8.1,B,D
909,38.00,许仲琳,封神演义,6267,1997-05,人民文学出版社,7.8,B,C
910,15.00元,[美] 卡森·麦卡勒斯,伤心咖啡馆之歌,10426,2007-7,上海三联书店,8.2,B,C
911,8.00元,郁达夫,沉沦,3713,2000-7,作家出版社,7.6,B,D
912,25.00元,[法] 妙莉叶·芭贝里,刺猬的优雅,11390,2010-02,南京大学出版社,8.1,B,C
913,58.00元,[日] 松本清张,绚烂的流离,28,2019-2,上海文艺出版社,8.9,B,E
914,24.80,何马,藏地密码1,18605,2008-4,重庆出版社,7.5,B,B
915,28.00元,[日] 东野圭吾,彷徨之刃,14592,2011-1,南海出版公司,7.8,B,B
916,NTD 300,漫漫何其多,AWM(絕地求生) 上,1237,2018-7,威向,7.9,B,E
917,38.00元,[美] 丹·布朗,失落的秘符,27750,2010-1,人民文学出版社,7.4,B,B
918,188.00元,[英] 肯·福莱特,无尽世界,357,2018-11,江苏凤凰文艺出版社,7.6,B,E
919,32.80元,南派三叔,盗墓笔记6,27462,2010-1,中国友谊出版公司,8.4,B,B
920,29.80元,小桥老树,侯卫东官场笔记,6142,2010-6,凤凰出版社,8.2,B,C
921,49.50元,[加] 艾丽丝·门罗,逃离,1633,2016-10-1,北京十月文艺出版社,8.6,B,E
922,32.80元,南派三叔,盗墓笔记5,27326,2009-7,中国友谊出版公司,8.4,B,B
923,CNY 32.00,乔治奥威尔,1984,3900,2013-11-1,北京理工大学出版社,9.4,A,D
924,29.50元,[日] 村上春树,天黑以后,5904,2012-2,南海出版公司,7.5,B,C
925,16.00元,苏童,我的帝王生涯,7916,2005-12,上海文艺出版社,8.2,B,C
926,32.80元,法医秦明,无声的证词,5491,2013-5,漓江出版社,7.6,B,C
927,13.00元,古华,芙蓉镇,5616,2005-8-1,人民文学出版社,8.1,B,C
928,25.00元,张平,十面埋伏,369,1999-9,作家出版社,8.4,B,E
929,42元,[法] 司汤达,红与黑,1574,2016-10,天津人民出版社,8.6,B,E
930,28.00元,（英）阿加莎·克里斯蒂,五只小猪,2655,2014-10,新星出版社,8.4,B,D
931,29.00元,王小波,青铜时代,16737,1997-5,花城出版社,8.7,B,B
932,39.80,[美] 菲利普·迪克,仿生人会梦见电子羊吗？,3674,2017-10,译林出版社,8.7,B,D
933,25.00,刘慈欣,球状闪电,923,2016-9,四川科学技术出版社,8.9,B,E
934,19.00元,(法)阿尔贝·加缪,局外人,5688,2010-1,浙江文艺出版社,8.9,B,C
935,38.80,[英] 毛姆,赴宴之前,1638,2017-6-20,北京联合出版公司,8.7,B,E
936,35.00,狄更斯,大卫·科波菲尔（上下）,5596,2003-03,人民文学出版社,8.3,B,C
937,17.00元,司汤达,红与黑,4790,2006-8,上海译文出版社,8.5,B,D
938,62,[英]阿瑟·克拉克,2001：太空漫游,183,2019-5,上海文艺出版社,8.7,B,E
939,34.80元,S.A.阿列克谢耶维奇,我不知道该说什么，关于死亡还是爱情,9468,2014-6-15,铁葫芦图书,9.0,B,C
940,32.00元,周浩晖,死亡通知单·暗黑者,4662,2014-6,北京时代华文书局,8.3,B,D
941,17.00元,[美] J.D.塞林格,九故事,6519,2007-8,人民文学出版社,8.5,B,C
942,36.00元,雷米,心理罪,8646,2012-12,重庆出版社,8.0,B,C
943,14.00元,[奥地利] 卡夫卡,城堡,7673,2007-3,上海译文出版社,8.4,B,C
944,26.00元,[美]文德琳·范·德拉安南,怦然心动,3723,2011-12-25,中国华侨出版社,8.9,B,D
945,39.00,[日] 西泽保彦,解体诸因,1250,2017-8,新星出版社,8.0,B,E
946,466,笑笑生【著】、董玉振【校】,金瓶梅,932,2009-11-1,新加坡南洋出版社,9.1,A,E
947,59.00,[加拿大] 艾丽丝·门罗,木星的卫星,119,2019-1,译林出版社,8.2,B,E
948,23.00元,[法] 玛格丽特・杜拉斯,广岛之恋,13123,2005-7,上海译文出版社,8.1,B,B
949,9.80,马克・吐温,汤姆索亚历险记,2147,2003-10-1,二十一世纪出版社,8.4,B,D
950,25.00元,顾漫,杉杉来吃,14010,2011-8,江苏文艺出版社,6.8,C,B
951,16.00元,[法] 让-保罗·萨特,恶心,2525,1999-3,中国友谊出版公司,8.6,B,D
952,39.00,孙沁文,凛冬之棺,1328,2018-8,新星出版社,7.8,B,E
953,48.00,(日) 平野启一郎,剧演的终章,115,2019-3,浙江文艺出版社,8.1,B,E
954,25.00元,韩寒,他的国,53714,2009-1,万卷出版公司,7.5,B,A
955,17.80元,毕飞宇,玉米,2940,2009,江苏文艺出版社,7.9,B,D
956,9.80元,谷崎润一郎,春琴抄,2830,1991-1,上海译文出版社,8.3,B,D
957,36.80元,尾鱼,四月间事,1795,2017-5,青岛出版社,7.9,B,E
958,39.50元,马家辉,龙头凤尾,2396,2016-10,四川文艺出版社,7.8,B,D
959,1.90元,【法】维克多·雨果,巴黎圣母院,1411,1980年6月第1版,贵州人民出版社,8.7,B,E
960,28.00元,猫腻,庆余年·壹,10791,2008-7,中国友谊出版公司,8.3,B,C
961,28.00元,张爱玲,小团圆,3731,2012-6,北京十月文艺出版社,8.2,B,D
962,35.00元,[加拿大] 扬·马特尔,少年Pi的奇幻漂流,7763,2012-11-28,译林出版社,8.6,B,C
963,28.00元,(日)伊坂幸太郎,家鸭与野鸭的投币式寄物柜,4986,2011-11,译林出版社,8.2,B,D
964,38.00元,江南,上海堡垒,1089,2016-11,长江出版社,7.1,B,E
965,28.00元,[日] 东野圭吾,毕业,6153,2012-7,南海出版公司,7.2,B,C
966,20.00元,毕飞宇,青衣,2300,2001-8,长江文艺出版社,8.1,B,D
967,19.00元,钱锺书,围城,23187,2007-8,人民文学出版社,9.2,A,B
968,49.00元,[美] 杰西·艾森伯格,吃鲷鱼让我打嗝,3556,2017-4,人民文学出版社,7.9,B,D
969,49.80,J·D·塞林格,九故事,374,2018-10-1,译林出版社,9.1,A,E
970,29.80元,雷米,心理罪,10279,2011-2,重庆出版社,8.1,B,C
971,69.90,阿耐,艰难的制造,810,2017-6,北京联合出版公司,8.6,B,E
972,10.20元,李碧华,霸王别姬,8696,1999-1,人民文学出版社,9.1,A,C
973,42.00,[美] 菲利普·迪克,少数派报告,1103,2017-10,译林出版社,8.9,B,E
974,42.80元,[日] 太宰治,小说灯笼,2077,2017-6,猫头鹰文化·四川文艺出版社,8.2,B,D
975,48.00元,苏童,米,59,2019-2,浙江人民出版社,8.7,B,E
976,45.00,玖月晞,他知道风从哪个方向来,7684,2015-12-1,百花洲文艺出版社,7.8,B,C
977,38.00元,黄晓阳,二号首长,8712,2011-5-10,重庆出版社,8.0,B,C
978,45.00,[英] 威廉·萨默塞特·毛姆,月亮与六便士,510,2018-5,湖南文艺出版社,9.3,A,E
979,12.00元,老舍,猫城记,2931,2008-11,人民文学出版社,8.6,B,D
980,39.50元,〔英〕维多利亚·希斯洛普,线,2451,2014-7,南海出版公司,8.2,B,D
981,22,(日) 东野圭吾,名侦探的守则,15413,2010-4,南海出版公司,7.4,B,B
982,12.70元,[哥伦比亚] 加西亚·马尔克斯,百年孤独,50498,1989-10,上海译文出版社,8.9,B,A
983,35.00元,[日] 川端康成,睡美人,2834,2014-1,南海出版公司,8.3,B,D
984,109.00元,[美]玛乔丽·刘 著、[日]武田莎娜 绘,魔姬 第一卷 觉醒,67,2019-2,新星出版社,9.2,A,E
985,NTD320,林奕含,房思琪的初戀樂園,16479,2017-2-7,游擊文化,8.9,B,B
986,28.00元,吴念真,这些人，那些事,49443,2011-9,译林出版社,8.8,B,A
987,28.00元,东野圭吾,同级生,7540,2012-3,南海出版公司,6.7,C,C
988,32.00,[韩]金爱烂,你的夏天还好吗？,511,2017-1,人民文学出版社,8.6,B,E
989,48.00,胡迁,远处的拉莫,704,2018-11,译林出版社,8.7,B,E
990,38.00元,Twentine,打火机与公主裙·长明灯,2482,2017-8,江苏凤凰文艺出版社,8.6,B,D
991,78,[英] 乔治·爱略特,米德尔马契,57,2018-9,人民文学出版社,9.2,A,E
992,96.00元,[苏] 肖洛霍夫,静静的顿河（全四册）,2595,1988-9,人民文学出版社,8.7,B,D
993,48.00元,法医秦明,无声的证词,38,2019-4-30,江苏凤凰文艺出版社,8.3,B,E
994,29.90元,[美] 艾萨克·阿西莫夫,银河帝国：基地,9119,2012-3,江苏文艺出版社,9.0,B,C
995,45.00,[加拿大] 迈克尔·翁达杰,安尼尔的鬼魂,727,2016-5-1,人民文学出版社,8.2,B,E
996,JPY 680,松崎司,夏肌の体温,536,2015-10-10,オークラ出版,8.6,B,E
997,39.00元,齐邦媛,巨流河,21111,2010-10,生活·读书·新知三联书店,8.7,B,B
